dataset,formato,URLdataset,URLsezione,tracciaRecordAttributi,AttoConcessionePresenzaAttributo,DatiFiscaliBeneficiarioPresenzaAttributo,ImportoBeneficioPresenzaAttributo,LinkCurriculiumSoggettoPresenzaAttributo,ModalitaSeguitaPerIndividuazioneBeneficiarioPresenzaAttributo,NomeBeneficiarioPresenzaAttributo,ProgettoFinanziatoPresenzaAttributo,LinkProgettoFinanziatoPresenzaAttributo,FunzionarioResponsabileSussidioPresenzaAttributo,UfficioResponsabileSussidioPresenzaAttributo
http://trasparenza.nexacenter.org/id/AttiConcessioneAgrigento,http://trasparenza.nexacenter.org/id/Html_tabellare,http://www.comune.agrigento.it/index.php/component/content/article/226-sovvenzioni-contributi-sussidi-vantaggi-economi/2923-atti-di-concessione,http://www.contrasparenza.it/id11-arg126-det73532-Atti-di-concessione-%28art.-26%2C-c.-2-e-art.-27%29,"BENEFICIARIO , P.I. /C.F. , Importo , Norma o titolo , Numero e data di provvedimento , Struttura proponente Settore , Responsabile Procedimento , Modalità di individuazione ,	link",0,1,1,0,1,1,1,1,1,0
http://trasparenza.nexacenter.org/id/AttiConcessioneAlessandria,http://trasparenza.nexacenter.org/id/Html,http://www.comune.alessandria.it/flex/cm/pages/ServeBLOB.php/L/IT/IDPagina/10261,http://www.comune.alessandria.it/flex/cm/pages/ServeBLOB.php/L/IT/IDPagina/10261,"Nome e cognome del beneficiario, Dati fiscali del beneficiario, Importo,  Norma/titolo che legittima l'attribuzione, Nominativo dirigente responsabile del procedimento, Unità organizzativa responsabile del procedimento, Istruttoria (modalità di individuazione beneficiario)",1,1,1,0,1,1,0,0,1,1
http://trasparenza.nexacenter.org/id/AttiConcessioneAncona,http://trasparenza.nexacenter.org/id/Csv,http://comancona8.comune.ancona.it/ammaperta/atti_ges.aspx,http://comancona8.comune.ancona.it/ammaperta/,,1,1,1,0,0,1,1,0,0,0
http://trasparenza.nexacenter.org/id/AttiConcessioneAndria,http://trasparenza.nexacenter.org/id/Csv,http://www.comune.andria.bt.it/dett_at.asp?id=120,http://www.comune.andria.bt.it/at2.asp?id2=40,"Norma o Titolo,  Mod. Individ.,  Beneficiario,  Responsabile,  Imp. Beneficio,  Data Atto,  Link",1,1,1,0,1,1,0,0,1,0
http://trasparenza.nexacenter.org/id/AttiConcessioneAosta,http://trasparenza.nexacenter.org/id/Ods,http://trasparenza.partout.it/wrapper/download/4494,http://trasparenza.partout.it/wrapper/download/4494,,0,1,1,0,1,1,0,0,0,1
http://trasparenza.nexacenter.org/id/AttiConcessioneArezzo,http://trasparenza.nexacenter.org/id/Csv,http://www.comune.arezzo.it/il-comune/segreteria-generale/segreteria-generale/trasparenza-valutazione-merito/atti-di-concessione-1/copy_of_area-compensi/@@csv_export,http://www.comune.arezzo.it/il-comune/segreteria-generale/segreteria-generale/trasparenza-valutazione-merito/atti-di-concessione-1,"Titolo , Dati fiscali , Importo , Natura dell'importo ,	Norma ,	Altro ,	Ufficio ,	Responsabile procedimento , Modalità di affidamento , Data di pubblicazione ,	Note",0,1,1,0,1,1,0,0,1,1
http://trasparenza.nexacenter.org/id/AttiConcessioneAscoliPiceno,http://trasparenza.nexacenter.org/id/Odt,http://www.comuneap.gov.it/flex/cm/pages/ServeAttachment.php/L/IT/D/a%252F7%252Fc%252FD.fcef788682fdc19989bd/P/BLOB%3AID%3D5825,http://www.comuneap.gov.it/flex/cm/pages/ServeBLOB.php/L/IT/IDPagina/5825,"Nominativo beneficiario , Dati fiscali , Importo del vantaggio economico corrisposto , Norma o titolo a base dell’attribuzione , Ufficio responsabile del procedimento , Funzionario responsabile del procedimento",1,1,1,0,0,1,0,0,1,1
http://trasparenza.nexacenter.org/id/AttiConcessioneAsti,http://trasparenza.nexacenter.org/id/Csv,http://asti.etrasparenza.it/export_open_data_csv.php?id_criterio=127&id_oggetto=38&id_ente=15,,"Nominativo beneficiario,  Dati fiscali, Oggetto, Struttura organizzativa responsabile, Dirigente o funzionario responsabile, Data di riferimento, Importo, Note, Modalità seguita per l'individuazione, Atto di concessione, Progetto selezionato, Curriculum del soggetto beneficiario",1,1,1,1,1,1,1,1,1,1
http://trasparenza.nexacenter.org/id/AttiConcessioneAsti,http://trasparenza.nexacenter.org/id/Csv,http://asti.etrasparenza.it/export_open_data_csv.php?id_criterio=127&id_oggetto=38&id_ente=15,,"Nominativo beneficiario,  Dati fiscali, Oggetto, Struttura organizzativa responsabile, Dirigente o funzionario responsabile, Data di riferimento, Importo, Note, Modalità seguita per l'individuazione, Atto di concessione, Progetto selezionato, Curriculum del soggetto beneficiario",1,1,1,1,1,1,1,1,1,1
http://trasparenza.nexacenter.org/id/AttiConcessioneAsti,http://trasparenza.nexacenter.org/id/Csv,http://asti.etrasparenza.it/export_open_data_csv.php?id_criterio=127&id_oggetto=38&id_ente=15,,"Nominativo beneficiario,  Dati fiscali, Oggetto, Struttura organizzativa responsabile, Dirigente o funzionario responsabile, Data di riferimento, Importo, Note, Modalità seguita per l'individuazione, Atto di concessione, Progetto selezionato, Curriculum del soggetto beneficiario",1,1,1,1,1,1,1,1,1,1
http://trasparenza.nexacenter.org/id/AttiConcessioneAvellino,,,http://www.comune.avellino.it/amministrazionetrasparente/sovvenzioni/concessioni.php,,0,0,0,0,0,0,0,0,0,0
http://trasparenza.nexacenter.org/id/AttiConcessioneAvellino,,,http://www.comune.avellino.it/amministrazionetrasparente/sovvenzioni/concessioni.php,,0,0,0,0,0,0,0,0,0,0
http://trasparenza.nexacenter.org/id/AttiConcessioneBari,http://trasparenza.nexacenter.org/id/Html,http://www.comune.bari.it/portal/page/portal/bari/comune/amministrazioneTrasparente/sovvenzioniContributiCreditiSussidiCorrispettivi/attiDiConcessione,http://www.comune.bari.it/portal/page/portal/bari/comune/amministrazioneTrasparente/sovvenzioniContributiCreditiSussidiCorrispettivi/attiDiConcessione,,1,0,1,0,1,0,0,0,0,0
http://trasparenza.nexacenter.org/id/AttiConcessioneBarletta,http://trasparenza.nexacenter.org/id/Html_tabellare,http://www.comune.barletta.ba.it/retecivica/organiz/trasp/schede_liquid/procedura/index.php,http://www.comune.barletta.ba.it/retecivica/ammtrasp/12.sovvenzioni.html,"Data , nome dell'impresa o altro soggetto beneficiario , norma o titolo a base dell'attribuzione , settore ufficio dirigente-responsabile , modalità eseguita per l'individuazione del beneficiario , importo , albo/link",1,0,1,0,1,1,0,0,1,1
http://trasparenza.nexacenter.org/id/AttiConcessioneBelluno,,,http://www.comune.belluno.it/web/belluno/area-istituzionale/amministrazione-trasparente?p_p_id=ALFRESCO_MYPORTAL_CONTENT_PROXY_WAR_myportalportlet_INSTANCE_Yl0I&p_p_lifecycle=1&p_p_state=normal&p_p_mode=view&p_p_col_id=column-3&p_p_col_count=1&template=/r,,0,0,0,0,0,0,0,0,0,0
http://trasparenza.nexacenter.org/id/AttiConcessioneBelluno,,,http://www.comune.belluno.it/web/belluno/area-istituzionale/amministrazione-trasparente?p_p_id=ALFRESCO_MYPORTAL_CONTENT_PROXY_WAR_myportalportlet_INSTANCE_Yl0I&p_p_lifecycle=1&p_p_state=normal&p_p_mode=view&p_p_col_id=column-3&p_p_col_count=1&template=/r,,0,0,0,0,0,0,0,0,0,0
http://trasparenza.nexacenter.org/id/AttiConcessioneBelluno,,,http://www.comune.belluno.it/web/belluno/area-istituzionale/amministrazione-trasparente?p_p_id=ALFRESCO_MYPORTAL_CONTENT_PROXY_WAR_myportalportlet_INSTANCE_Yl0I&p_p_lifecycle=1&p_p_state=normal&p_p_mode=view&p_p_col_id=column-3&p_p_col_count=1&template=/r,,0,0,0,0,0,0,0,0,0,0
http://trasparenza.nexacenter.org/id/AttiConcessioneBelluno,,,http://www.comune.belluno.it/web/belluno/area-istituzionale/amministrazione-trasparente?p_p_id=ALFRESCO_MYPORTAL_CONTENT_PROXY_WAR_myportalportlet_INSTANCE_Yl0I&p_p_lifecycle=1&p_p_state=normal&p_p_mode=view&p_p_col_id=column-3&p_p_col_count=1&template=/r,,0,0,0,0,0,0,0,0,0,0
http://trasparenza.nexacenter.org/id/AttiConcessioneBelluno,,,http://www.comune.belluno.it/web/belluno/area-istituzionale/amministrazione-trasparente?p_p_id=ALFRESCO_MYPORTAL_CONTENT_PROXY_WAR_myportalportlet_INSTANCE_Yl0I&p_p_lifecycle=1&p_p_state=normal&p_p_mode=view&p_p_col_id=column-3&p_p_col_count=1&template=/r,,0,0,0,0,0,0,0,0,0,0
http://trasparenza.nexacenter.org/id/AttiConcessioneBelluno,,,http://www.comune.belluno.it/web/belluno/area-istituzionale/amministrazione-trasparente?p_p_id=ALFRESCO_MYPORTAL_CONTENT_PROXY_WAR_myportalportlet_INSTANCE_Yl0I&p_p_lifecycle=1&p_p_state=normal&p_p_mode=view&p_p_col_id=column-3&p_p_col_count=1&template=/r,,0,0,0,0,0,0,0,0,0,0
http://trasparenza.nexacenter.org/id/AttiConcessioneBenevento,http://trasparenza.nexacenter.org/id/Csv,http://www.comunebenevento.eu:8085/JSFService/faces/trasparenza/TRASP_visualizzazione.xhtml,http://www.comune.benevento.it/bn2_pagine/trasparenza/12Sovvenzioni/Atti_concessione.php,"ID, data pubblicazione, beneficiario, P/IVA, Importo, Modalità indiv., responsabile",1,1,1,0,1,1,0,0,0,1
http://trasparenza.nexacenter.org/id/AttiConcessioneBergamo,http://trasparenza.nexacenter.org/id/Xls,http://www.comune.bergamo.it/servizi/menu/dinamica.aspx?idArea=41289&idCat=42050&ID=50024,http://www.comune.bergamo.it/servizi/Menu/dinamica.aspx?idSezione=29195&idArea=41289&idCat=42050&ID=42050&TipoElemento=categoria,"ASSESSORATO , DIREZIONE / SERVIZIO , DIRIGENTE COMPETENTE , GENERALITA'  O RAGIONE SOCIALE DEL SOGGETTO BENEFICIARIO , CODICE FISCALE / PARTITA IVA , INDIRIZZO , OGGETTO , IMPORTO EROGATO , MANCATO INTROITO ,	Tipo e n°. Provvedimento , Data provvedimento , Fonti normative , Modalità seguita per l'individuazione del beneficiario , Numero P.G. della domanda o del progetto , File progetto o richiesta contributo",1,1,1,0,1,1,1,1,1,1
http://trasparenza.nexacenter.org/id/AttiConcessioneBiella,http://trasparenza.nexacenter.org/id/Csv,http://95.110.132.64/biellawebdelibere/AmministrazioneTrasparente.aspx?Tipo=0001,http://www.comune.biella.it/sito/index.php?atti-di-concessione,"Nominativo, CodiceFiscale, Partita Iva, Compenso, Oggetto, Atto, Servizio, ModalitaAcquisizione",1,1,1,0,1,1,1,0,0,0
http://trasparenza.nexacenter.org/id/AttiConcessioneBologna,http://trasparenza.nexacenter.org/id/Ods,http://www.comune.bologna.it/media/files/concessioni_agevolazioni__finanziarie_2013.ods,http://www.comune.bologna.it/trasparenza/contenuti/161:16296/,"IMPRESA, COGNOME/NOME LEGALE RAPPRESENTANTE, C.F. - P.IVA,	BANDO GRADUATORIA, IMPORTO FINANZIATO, DESCRIZIONE  PROGETTI DI IMPRESA",0,1,1,0,0,1,1,0,0,0
http://trasparenza.nexacenter.org/id/AttiConcessioneBolzano,http://trasparenza.nexacenter.org/id/Html_tabellare,http://www.comune.bolzano.it/prog/assegnazioni/assegnazioni.php?token=7a7bf2b3728c460c8170c0ee339be585&action=elenca_inc_pubblico,http://www.comune.bolzano.it/prog/assegnazioni/assegnazioni.php?token=6c699f1b44ad9b64227f6861a5562782&action=cerca_inc_pubblico,"Data , Numero , Oggetto ,	Beneficiario ,	Importo",1,0,1,0,0,1,0,0,0,0
http://trasparenza.nexacenter.org/id/AttiConcessioneBrescia,http://trasparenza.nexacenter.org/id/Html_tabellare,http://www.comune.brescia.it/trasparenza/sovvenzioni/atti/Pagine/Atti-di-concessione-di-sovvenzioni-e-contributi---anno-2014.aspx,http://www.comune.brescia.it/trasparenza/sovvenzioni/atti,Denominazione del soggetto percettore​	Codice fiscale​	Importo del vantaggio economico concesso​	norma o titolo a base dell'attribuzione​	Dirigente responsabile del procedimento​	Modalità seguita per l'individuazione del beneficiario​	link al progetto selezionato/al curriculum del sogg,1,1,1,1,0,1,0,1,1,1
http://trasparenza.nexacenter.org/id/AttiConcessioneBrindisi,http://trasparenza.nexacenter.org/id/Pdf_vettoriale,http://www.comune.brindisi.it/web/images/documenti/amministrazionetrasparente/sovvenzioni/atticoncessione/contributi_OrganiIstituzionali.pdf,http://www.comune.brindisi.it/web/sovvenzioni-contributi-sussidi-vantaggi-economici/atti-di-concessione.html,"Beneficiario , Codice Fiscale , Atto di settore , data atto liquidazione , oggetto mandato ,  Importo corrisposto",1,1,1,0,0,1,1,0,0,0
http://trasparenza.nexacenter.org/id/AttiConcessioneCagliari,http://trasparenza.nexacenter.org/id/Csv,http://www.comune.cagliari.it/portale/do/content/FrontEnd/Export/exportCsv.action,http://www.comune.cagliari.it/portale/it/trasparenza_sovv_atti.page,"DataPubbli, Beneficiario, CV_Incaricato, CV_Incaricato_link, CodFis_o_PIva, Importo, Norma_TitoloAttr, AnnoConcessione, Ufficio, Responsabile, Tipologia, Ind_Beneficiario, Descrizione, Progetto, Progetto_link, Contratto, Contratto_link, Capitolato, Capitolato_link, Fornitura, Fornitura_link, Allegati",0,1,1,0,1,1,1,0,1,1
http://trasparenza.nexacenter.org/id/AttiConcessioneCaltanissetta,,,http://www.comune.caltanissetta.it/_Applicazioni/AmmAperta/FrontOffice/attidiconcessione.aspx,,0,0,0,0,0,0,0,0,0,0
http://trasparenza.nexacenter.org/id/AttiConcessioneCaltanissetta,,,http://www.comune.caltanissetta.it/_Applicazioni/AmmAperta/FrontOffice/attidiconcessione.aspx,,0,0,0,0,0,0,0,0,0,0
http://trasparenza.nexacenter.org/id/AttiConcessioneCaltanissetta,,,http://www.comune.caltanissetta.it/_Applicazioni/AmmAperta/FrontOffice/attidiconcessione.aspx,,0,0,0,0,0,0,0,0,0,0
http://trasparenza.nexacenter.org/id/AttiConcessioneCampobasso,http://trasparenza.nexacenter.org/id/Pdf_vettoriale,http://83.221.106.82/campobasso2/zf/index.php/trasparenza/index/index/categoria/63,http://www.comune.campobasso.it/sa/sa_p_testo.php?x=&idservizio=10086&idtesto=342&idfoto=&&nodo=nodo11,"Beneficiario C.F. / partita IVA, Nome e cognome del legale rappresentante, Modalità per la scelta del beneficiario, Importo - attribuzione, Descrizione, Norma o titolo a base dell’attribuzione, RP e ufficio competente, Link",1,1,1,0,1,1,1,1,1,1
http://trasparenza.nexacenter.org/id/AttiConcessioneCarbonia,http://trasparenza.nexacenter.org/id/Pdf_vettoriale,http://www.comune.carbonia.ci.it/urbiportal/protected/documents/11076,http://www.comune.carbonia.ci.it/urbiportal/content/it_IT/5698.html,"Nome Dati fiscali Beneficiario , Importo , Norma o titolo , Oggetto dell'incarico  , Ufficio Funzionario responsabile , Modalità seguita per l'individuazione del beneficiario , Link al progetto selezionato",1,0,1,0,1,1,1,0,1,1
http://trasparenza.nexacenter.org/id/AttiConcessioneCaserta,http://trasparenza.nexacenter.org/id/Csv,http://trasparenza.comune.caserta.it/export_open_data_csv.php?id_criterio=127&id_oggetto=38&id_ente=2,http://trasparenza.comune.caserta.it/pagina48_atti-di-concessione.html,"Nominativo beneficiario , Dati fiscali , Oggetto , Struttura organizzativa responsabile ,	Dirigente o funzionario responsabile , Data di riferimento , Importo ,	Note , Modalità seguita per l'individuazione , Atto di concessione , Progetto selezionato , Curriculum del soggetto beneficiario",0,1,1,0,0,1,0,0,0,0
http://trasparenza.nexacenter.org/id/AttiConcessioneCatania,http://trasparenza.nexacenter.org/id/Pdf_vettoriale,http://www.comune.catania.it/amministrazione-trasparente/sovvenzioni-contributi-sussidi-vantaggi-economici/allegati-2014/sovvenzioni-comct-20140715.pdf,http://www.comune.catania.it/amministrazione-trasparente/sovvenzioni-contributi-sussidi-vantaggi-economici/atti-di-concessione.aspx,"nome dell'impresa o dell'ente beneficiario , dati fiscali o nome di altro soggetto beneficiario, importo del vantaggio economico corrisposto, norma o titolo a base dell'attribuzion e, ufficio competente per il procedimento amministrativ o, funzionario o dirigente responsabile del relativo procedimento amministrativ o, modalità seguita per l'individuazio ne del beneficiario, link al progetto selezionato, link al curriculum del soggetto incaricato",1,1,1,1,1,1,1,1,1,1
http://trasparenza.nexacenter.org/id/AttiConcessioneCatanzaro,,,http://www.comunecatanzaro.it/index.php/amministrazione-trasparente/83-sovvenzioni-contributi-sussidi-vantaggi-economici/atti-di-concessione,,0,0,0,0,0,0,0,0,0,0
http://trasparenza.nexacenter.org/id/AttiConcessioneCatanzaro,,,http://www.comunecatanzaro.it/index.php/amministrazione-trasparente/83-sovvenzioni-contributi-sussidi-vantaggi-economici/atti-di-concessione,,0,0,0,0,0,0,0,0,0,0
http://trasparenza.nexacenter.org/id/AttiConcessioneCatanzaro,,,http://www.comunecatanzaro.it/index.php/amministrazione-trasparente/83-sovvenzioni-contributi-sussidi-vantaggi-economici/atti-di-concessione,,0,0,0,0,0,0,0,0,0,0
http://trasparenza.nexacenter.org/id/AttiConcessioneCatanzaro,,,http://www.comunecatanzaro.it/index.php/amministrazione-trasparente/83-sovvenzioni-contributi-sussidi-vantaggi-economici/atti-di-concessione,,0,0,0,0,0,0,0,0,0,0
http://trasparenza.nexacenter.org/id/AttiConcessioneCatanzaro,,,http://www.comunecatanzaro.it/index.php/amministrazione-trasparente/83-sovvenzioni-contributi-sussidi-vantaggi-economici/atti-di-concessione,,0,0,0,0,0,0,0,0,0,0
http://trasparenza.nexacenter.org/id/AttiConcessioneCesena,http://trasparenza.nexacenter.org/id/Html_tabellare,https://servizi.comune.cesena.fc.it/applicazioniweb/consultazioneAtti/documenti/home.0.2,http://www.comune.cesena.fc.it/amministrazionetrasparente/sovvenzioni,"Anno e numero, Data esecutività, Dirigente, Oggetto, Documenti",1,0,0,0,0,0,1,1,1,0
http://trasparenza.nexacenter.org/id/AttiConcessioneChieti,http://trasparenza.nexacenter.org/id/Xls,http://www.comune.chieti.gov.it/images/pdf/V%20Settore.xls,http://www.comune.chieti.gov.it/index.php/trasparenza-valutazione-e-merito/amministrazione-aperta-art-18-d-l-134-2012.html,"Tipologia , Beneficiario , C.F / P.IVA beneficiario , importo , settore /Staff , Ufficio/sezione , Responsabile , tipo provvedimento , numero e data , modalità di affidamento , Rif. PEG , Note",1,1,1,0,1,1,0,0,1,0
http://trasparenza.nexacenter.org/id/AttiConcessioneComo,http://trasparenza.nexacenter.org/id/Csv,http://trasparenza.comune.como.it/index.php/lista2/generacsv/anno/2014,http://www.comune.como.it/amministrazione-trasparente/sovvenzioni-contributi-sussidi-vantaggi-economici/atti-di-concessione/,"Anno , Rif. , Beneficiario , C.F./P. IVA , Importo , Norma o titolo a base dell'attribuzione , Ufficio , Dirigente Responsabile , Modalità seguita per l'individuazione del beneficiario",1,1,1,0,1,1,1,0,1,1
http://trasparenza.nexacenter.org/id/AttiConcessioneCosenza,http://trasparenza.nexacenter.org/id/Csv,http://cosenza.etrasparenza.it/export_open_data_csv.php?id_criterio=127&id_oggetto=38&id_ente=75,http://cosenza.etrasparenza.it/pagina48_atti-di-concessione.html,"Nominativo beneficiario , Dati fiscali , Oggetto , Struttura organizzativa responsabile ,	Dirigente o funzionario responsabile , Data di riferimento , Importo , 	Note , Modalità seguita per l'individuazione , Atto di concessione , Progetto selezionato , Curriculum del soggetto beneficiario",1,1,1,1,1,1,1,1,0,1
http://trasparenza.nexacenter.org/id/AttiConcessioneCremona,http://trasparenza.nexacenter.org/id/Pdf_vettoriale,https://sportelloweb.comune.cremona.it/online/viewProcess.do?d-7014159-e=5&6578706f7274=1&processName=it.people.fsl.servizi.trasparenza.esterni.online,https://sportelloweb.comune.cremona.it/online/initProcess.do?processName=it.people.fsl.servizi.trasparenza.esterni.online,"Beneficiario , Dati fiscali , Importo , Titolo , Provvedimento , Ufficio responsabile , Dirigente , Modalita', Data",1,1,1,0,1,1,0,0,1,1
http://trasparenza.nexacenter.org/id/AttiConcessioneCrotone,,,http://www.contrasparenza.it/id16-arg31-Sovvenzioni%2C-contributi%2C-sussidi%2C-vantaggi-economici,,0,0,0,0,0,0,0,0,0,0
http://trasparenza.nexacenter.org/id/AttiConcessioneCrotone,,,http://www.contrasparenza.it/id16-arg31-Sovvenzioni%2C-contributi%2C-sussidi%2C-vantaggi-economici,,0,0,0,0,0,0,0,0,0,0
http://trasparenza.nexacenter.org/id/AttiConcessioneCuneo,http://trasparenza.nexacenter.org/id/Csv,http://www.comune.cuneo.gov.it/benefici/csv.php,http://www.comune.cuneo.gov.it/benefici/,"Tipo, Beneficiario, Codice Fiscale, Modalita' , Importo, Descrizione, Data, Ufficio, Responsabile",1,1,1,0,1,1,1,0,1,1
http://trasparenza.nexacenter.org/id/AttiConcessioneEnna,http://trasparenza.nexacenter.org/id/Html_tabellare,http://www.lacomunitainrete.it/Servizi/Documenti-Determinazioni-di-Liquidazione.aspx,http://www.comune.enna.it/index.php/sovvenzioni-contributi-sussidi-vantaggi-economici-3/itemlist/category/280-atti-di-concessione,"Codice , Numero , Oggetto , Data documento , Beneficiario , Dati fiscali , Importo ,	Impegno o Titolo , Settore o Servizio ,	Responsabile , Modalità individuazione beneficiario",1,1,1,0,1,1,1,0,1,1
http://trasparenza.nexacenter.org/id/AttiConcessioneFermo,http://trasparenza.nexacenter.org/id/Xls,http://www.comune.fermo.it/it/6507/,http://www.comune.fermo.it/it/atti-di-concessione/b1934dir/6409/,"P,IVA/Codice Fiscale , importo del vantaggio economico corrisposto , norma  o titolo a base dell'attribuzione , ufficio e funzionario o dirigente responsabile del relativo procedimento amministrativo ,  modalità seguita per l'individuazione del beneficiario , link al progetto selezionato , link al curriculum del soggetto incaricato",1,1,1,0,1,1,0,0,1,1
http://trasparenza.nexacenter.org/id/AttiConcessioneFerrara,http://trasparenza.nexacenter.org/id/Csv,https://docs.google.com/a/comune.fe.it/spreadsheet/ccc?key=0Am8OVbj8EI5UdHhJVnNQUzVkU3hJaWxqVkVFb3l5aEE&output=csv,http://www.comune.fe.it/index.phtml?id=3351,"Informazioni cronologiche , ESTREMI IDENTIFICATIVO ATTO , SERVIZIO e/o UFFICIO ,	RESPONSABILE DEL PROCEDIMENTO ,	NORMA O TITOLO ATTRIBUZIONE ,	PROCEDURA AGGIUDICAZIONE ,	DENOMINAZIONE e/o NOMINATIVO BENEFICIARIO ,	CODICE FISCALE ,	PARTITA IVA ,	IMPORTO ,	NOTE INFORMATIVE e/o ESPLICATIVE ,	ATTI COLLEGATI",1,1,1,0,1,1,1,0,1,0
http://trasparenza.nexacenter.org/id/AttiConcessioneFirenze,http://trasparenza.nexacenter.org/id/Pdf_vettoriale,http://www.comune.fi.it/materiali/trasparenza/DirezioneIstruzione_2014.pdf,http://www.comune.fi.it/export/sites/retecivica/comune_firenze/Amministrazione_Trasparente/Sovvenzioni_contributi.html#contributi,"BENEFICIARIO, CODICE FISCALE/PARTITA IVA, PROVVEDIMENTO DI EROGAZIONE, IMPORTO, PAGAMENTI, CAUSALE, RIFERIMENTO NORMATIVO, RESPONSABILE DEL PROCEDIMENTO",0,1,1,0,1,1,0,0,1,0
http://trasparenza.nexacenter.org/id/AttiConcessioneFoggia,http://trasparenza.nexacenter.org/id/Html,http://www.comune.foggia.it/amministrazione-trasparente/sovvenzioni-contributi-sussidi/atti-di-concessione/,http://www.comune.foggia.it/sovvenzioni-contributi-sussidi/atti-di-concessione/,"Beneficiario , 	 Importo , 	 Finalità , 	 Atto di concessione",1,0,1,0,0,1,1,0,0,0
http://trasparenza.nexacenter.org/id/AttiConcessioneForl-C3-AC,http://trasparenza.nexacenter.org/id/Ods,http://www.comune.forli.fc.it/servizi/gestionedocumentale/visualizzadocumento.aspx?ID=36158,http://www.comune.forli.fc.it/servizi/menu/dinamica.aspx?idArea=166672&idCat=166726&ID=166774,"Beneficiario - nome e cognome o ragione sociale , Beneficiario – Codice Fiscale / Partita IVA , Importo contratto (euro) , Ufficio e funzionario o dirigente responsabile del procedimento amministrativo , Norma a base dell'attribuzione , Titolo a base dell'attribuzione , Modalità seguita per l'individuazione del beneficiario , Link al progetto selezionato-curriculum soggetto incaricato-contratto e capitolato-fornitura o servizio",0,1,1,1,1,1,1,1,1,1
http://trasparenza.nexacenter.org/id/AttiConcessioneFrosinone,,,http://trasparenza.comune.frosinone.it/pagina48_atti-di-concessione.html,,0,0,0,0,0,0,0,0,0,0
http://trasparenza.nexacenter.org/id/AttiConcessioneFrosinone,,,http://trasparenza.comune.frosinone.it/pagina48_atti-di-concessione.html,,0,0,0,0,0,0,0,0,0,0
http://trasparenza.nexacenter.org/id/AttiConcessioneFrosinone,,,http://trasparenza.comune.frosinone.it/pagina48_atti-di-concessione.html,,0,0,0,0,0,0,0,0,0,0
http://trasparenza.nexacenter.org/id/AttiConcessioneFrosinone,,,http://trasparenza.comune.frosinone.it/pagina48_atti-di-concessione.html,,0,0,0,0,0,0,0,0,0,0
http://trasparenza.nexacenter.org/id/AttiConcessioneFrosinone,,,http://trasparenza.comune.frosinone.it/pagina48_atti-di-concessione.html,,0,0,0,0,0,0,0,0,0,0
http://trasparenza.nexacenter.org/id/AttiConcessioneFrosinone,,,http://trasparenza.comune.frosinone.it/pagina48_atti-di-concessione.html,,0,0,0,0,0,0,0,0,0,0
http://trasparenza.nexacenter.org/id/AttiConcessioneGenova,http://trasparenza.nexacenter.org/id/Csv,http://pve.comune.genova.it/pve/ExportCSV.aspx,http://pve.comune.genova.it/pve/informazioni.aspx,"Impresa o altro soggetto beneficiario, Partita IVA	Codice Fiscale,	Importo, Norma o titolo base dell'attribuzione, Numero atto, Ufficio Responsabile del procedimento amministrativo, Modalità seguita per l''individuazione del beneficiario, Link ai documenti allegati",1,1,1,0,1,1,1,1,1,1
http://trasparenza.nexacenter.org/id/AttiConcessioneGiuglianoinCampania,,,http://www.comune.giugliano.na.it/index.php?param=z&tipo=624&sottomenu=107&ufficio=350&serv=719,,0,0,0,0,0,0,0,0,0,0
http://trasparenza.nexacenter.org/id/AttiConcessioneGiuglianoinCampania,,,http://www.comune.giugliano.na.it/index.php?param=z&tipo=624&sottomenu=107&ufficio=350&serv=719,,0,0,0,0,0,0,0,0,0,0
http://trasparenza.nexacenter.org/id/AttiConcessioneGiuglianoinCampania,,,http://www.comune.giugliano.na.it/index.php?param=z&tipo=624&sottomenu=107&ufficio=350&serv=719,,0,0,0,0,0,0,0,0,0,0
http://trasparenza.nexacenter.org/id/AttiConcessioneGiuglianoinCampania,,,http://www.comune.giugliano.na.it/index.php?param=z&tipo=624&sottomenu=107&ufficio=350&serv=719,,0,0,0,0,0,0,0,0,0,0
http://trasparenza.nexacenter.org/id/AttiConcessioneGiuglianoinCampania,,,http://www.comune.giugliano.na.it/index.php?param=z&tipo=624&sottomenu=107&ufficio=350&serv=719,,0,0,0,0,0,0,0,0,0,0
http://trasparenza.nexacenter.org/id/AttiConcessioneGiuglianoinCampania,,,http://www.comune.giugliano.na.it/index.php?param=z&tipo=624&sottomenu=107&ufficio=350&serv=719,,0,0,0,0,0,0,0,0,0,0
http://trasparenza.nexacenter.org/id/AttiConcessioneGorizia,http://trasparenza.nexacenter.org/id/Pdf_vettoriale,http://www3.comune.gorizia.it/sites/default/files/file/trasparenza/30092014.pdf,http://www3.comune.gorizia.it/it/atti-di-concessione,"Mand. , Data , Soggetto , Indirizzo , Comune , Importo , Anno , Atto , N. , Data , Cod. Fisc. , P.IVA",0,1,1,0,0,1,1,0,0,0
http://trasparenza.nexacenter.org/id/AttiConcessioneGrosseto,http://trasparenza.nexacenter.org/id/Csv,http://www.comune.grosseto.it/contributi/viste/esporta_csv.php,http://www.comune.grosseto.it/contributi/viste/webListaSoggetti.php,"Identificativo , Anno_Concessione , Tipo_Attosequence , dt_concessione ,  Responsabile , atto_concessione ,  Ufficio ,  Importo , Beneficiario , Codice_fiscale",1,1,1,0,0,1,0,0,1,1
http://trasparenza.nexacenter.org/id/AttiConcessioneIglesias,,,http://www.comune.iglesias.ca.it/it/230/amministrazione-trasparente/832.831/atti-di-concessione.html,,0,0,0,0,0,0,0,0,0,0
http://trasparenza.nexacenter.org/id/AttiConcessioneIglesias,,,http://www.comune.iglesias.ca.it/it/230/amministrazione-trasparente/832.831/atti-di-concessione.html,,0,0,0,0,0,0,0,0,0,0
http://trasparenza.nexacenter.org/id/AttiConcessioneIglesias,,,http://www.comune.iglesias.ca.it/it/230/amministrazione-trasparente/832.831/atti-di-concessione.html,,0,0,0,0,0,0,0,0,0,0
http://trasparenza.nexacenter.org/id/AttiConcessioneIglesias,,,http://www.comune.iglesias.ca.it/it/230/amministrazione-trasparente/832.831/atti-di-concessione.html,,0,0,0,0,0,0,0,0,0,0
http://trasparenza.nexacenter.org/id/AttiConcessioneIglesias,,,http://www.comune.iglesias.ca.it/it/230/amministrazione-trasparente/832.831/atti-di-concessione.html,,0,0,0,0,0,0,0,0,0,0
http://trasparenza.nexacenter.org/id/AttiConcessioneImperia,http://trasparenza.nexacenter.org/id/Csv,http://www.comune.imperia.it/im/default/files/csv/soggettibeneficiari.csv,http://www.comune.imperia.it/im/soggetti-beneficiari,"Titolo ,  Determina numero , Determina anno ,	Anno contributo , Importo ,	Data di modifica ,	Data pubblicazione",0,0,1,0,0,0,0,0,0,0
http://trasparenza.nexacenter.org/id/AttiConcessioneIsernia,http://trasparenza.nexacenter.org/id/Html_tabellare,http://egov.hseweb.it/isernia/zf/index.php/trasparenza/index/index/categoria/63,http://egov.hseweb.it/isernia/zf/index.php/trasparenza/index/index/categoria/63,"Beneficiario , Atto , Importo",1,1,1,0,0,1,0,0,0,0
http://trasparenza.nexacenter.org/id/AttiConcessioneL-27Aquila,http://trasparenza.nexacenter.org/id/Csv,http://trasparenza.comune.laquila.gov.it/export_open_data_csv.php?id_criterio=127&id_oggetto=38&id_ente=42,http://trasparenza.comune.laquila.gov.it/pagina48_atti-di-concessione.html,"Nominativo beneficiario, Dati fiscali, Oggetto, Struttura organizzativa responsabile, Dirigente o funzionario responsabile, Data di riferimento, Importo, Note, Modalità seguita per l'individuazione, Atto di concessione, Progetto selezionato, Curriculum del soggetto beneficiario",1,1,1,0,0,1,0,0,1,1
http://trasparenza.nexacenter.org/id/AttiConcessioneLanusei,,,http://www.comunedilanusei.it/trasparenza/?q=amministrazione-trasparente/sovvenzioni-contributi-sussidi-vantaggi-economici/atti-di-concessione,,0,0,0,0,0,0,0,0,0,0
http://trasparenza.nexacenter.org/id/AttiConcessioneLanusei,,,http://www.comunedilanusei.it/trasparenza/?q=amministrazione-trasparente/sovvenzioni-contributi-sussidi-vantaggi-economici/atti-di-concessione,,0,0,0,0,0,0,0,0,0,0
http://trasparenza.nexacenter.org/id/AttiConcessioneLanusei,,,http://www.comunedilanusei.it/trasparenza/?q=amministrazione-trasparente/sovvenzioni-contributi-sussidi-vantaggi-economici/atti-di-concessione,,0,0,0,0,0,0,0,0,0,0
http://trasparenza.nexacenter.org/id/AttiConcessioneLanusei,,,http://www.comunedilanusei.it/trasparenza/?q=amministrazione-trasparente/sovvenzioni-contributi-sussidi-vantaggi-economici/atti-di-concessione,,0,0,0,0,0,0,0,0,0,0
http://trasparenza.nexacenter.org/id/AttiConcessioneLanusei,,,http://www.comunedilanusei.it/trasparenza/?q=amministrazione-trasparente/sovvenzioni-contributi-sussidi-vantaggi-economici/atti-di-concessione,,0,0,0,0,0,0,0,0,0,0
http://trasparenza.nexacenter.org/id/AttiConcessioneLanusei,,,http://www.comunedilanusei.it/trasparenza/?q=amministrazione-trasparente/sovvenzioni-contributi-sussidi-vantaggi-economici/atti-di-concessione,,0,0,0,0,0,0,0,0,0,0
http://trasparenza.nexacenter.org/id/AttiConcessioneLaSpezia,http://trasparenza.nexacenter.org/id/Csv,http://portale.spezianet.it/Beneficiari/coatti02.aspx?bef_codice=1&SORT=AALFA&idSessione=gvjimgv0ysjl5455xd12hcn5&men_id=00.00.00,http://portale.spezianet.it/Beneficiari/coatti02.aspx?bef_codice=1&SORT=AALFA&idSessione=gvjimgv0ysjl5455xd12hcn5&men_id=00.00.00,"Norma o Titolo , Mod. Individ. ,	Beneficiario ,	Responsabile	Imp. Beneficio ,  Data Atto, Link",0,0,1,0,1,1,0,1,1,0
http://trasparenza.nexacenter.org/id/AttiConcessioneLatina,http://trasparenza.nexacenter.org/id/Pdf_vettoriale,http://comune.latina.it/download.php?id=14773,http://comune.latina.it/c-760/atti-di-concessione,"nome dell'impresa o del soggetto beneficiario P. IVA o Codice Fiscale, n fattura, importo in euro, atto di liquidazione, norma o titolo a base dell'attribuzione, estremi del provvedimento, nome e  cognome del funzionario o del dirigente responsabile, modalita' eseguita per l'individuazione del beneficiario",1,1,1,0,1,1,0,0,1,0
http://trasparenza.nexacenter.org/id/AttiConcessioneLecce,http://trasparenza.nexacenter.org/id/Csv,http://www.comune.lecce.it/comune/amministrazione-trasparente/sovvenzioni-contributi-sussidi-vantaggi-economici/atti-di-concessione,http://www.comune.lecce.it/comune/amministrazione-trasparente/sovvenzioni-contributi-sussidi-vantaggi-economici/atti-di-concessione,"Settore , Data provvedimento , Impresa o altro soggetto beneficiario ,	Partita IVA - Codice Fiscale , Importo complessivo , Importo ad oggi liquidato , Norma o titolo a base dell'attribuzione , Ufficio , Responsabile del procedimento amministrativo ,	Modalità seguita per l'individuazione del beneficiario , Annotazioni , Link agli allegati",0,1,1,0,1,1,0,1,1,1
http://trasparenza.nexacenter.org/id/AttiConcessioneLecco,http://trasparenza.nexacenter.org/id/Html_tabellare,https://sol.lc-card.it/urbi/progs/urp/ur1UR018.sto?DB_NAME=n200574,http://www.gazzettaamministrativa.it/opencms/opencms/_gazzetta_amministrativa/amministrazione_trasparente/_lombardia/_lecco/120_sov_con_sus_van/020_att_con/,"Anno , Beneficiario , Importo , Oggetto/Attribuzione , Responsabile/Ufficio",0,1,1,0,0,1,1,0,1,1
http://trasparenza.nexacenter.org/id/AttiConcessioneLivorno,http://trasparenza.nexacenter.org/id/Pdf_vettoriale,http://www.comune.livorno.it/_livo/uploads/2014_07_31_08_53_08.pdf,http://www.comune.livorno.it/_livo/it/default/10119/Atti-di-concessione.html,"Struttura , Det. N. , Data , Resp.le Procedimento , Adottata da , Oggetto , Descrizione del Contenuto , Principali Riferimenti",0,0,0,0,0,0,1,0,1,0
http://trasparenza.nexacenter.org/id/AttiConcessioneLodi,http://trasparenza.nexacenter.org/id/Csv,http://lodi.e-pal.it/L190/contributo/lista?format=csv&extension=csv&sort=&exportAllPages=N&idSezione=66,http://lodi.e-pal.it/L190/contributo/lista?sort=&idSezione=66,"ANNO , BENEFICIARIO , FATTURA ,IMPORTO , MODALITA' , MOVIMENTO , NORMA , NUM ALLEGATI ,	PUBBLICATO , RESPONSABILE , TIPO MOVIMENTO , UFFICIO",0,1,1,0,0,1,0,0,1,1
http://trasparenza.nexacenter.org/id/AttiConcessioneLucca,http://trasparenza.nexacenter.org/id/Pdf_vettoriale,http://www.comune.lucca.it/flex/cm/pages/ServeAttachment.php/L/IT/D/8%252Fc%252F3%252FD.f1c8cfb80ea1c28b30da/P/BLOB%3AID%3D11216,http://www.comune.lucca.it/flex/cm/pages/ServeBLOB.php/L/IT/IDPagina/11216,"C.Fiscale , P.Iva , Importo , Oggetto della Determinazione Dirigenziale , Numero della D.D.del 2014 , Ufficio dirigente responsabile del provvedimento",0,0,1,0,0,0,1,0,1,1
http://trasparenza.nexacenter.org/id/AttiConcessioneMacerata,http://trasparenza.nexacenter.org/id/Ods,http://www.comune.macerata.it/Engine/RAServeFile.php/f/Elenco_Beneficiari_ex_art.18.ods,http://www.comune.macerata.it/Engine/RAServePG.php/P/177081CMC0207,"n. , beneficiario , pi/codice fiscale ,	importo , titolo attribuzione , ufficio , 	responsabile procedimento , modalità individuazione ,	progetto curriculum contratto",0,1,1,1,1,1,1,1,1,1
http://trasparenza.nexacenter.org/id/AttiConcessioneMantova,http://trasparenza.nexacenter.org/id/Csv,http://80.88.164.37/webdelibere/Amministrazioneaperta.aspx,http://www.comune.mantova.gov.it/index.php/home/area-documentale/category/144-amministrazione-aperta,"Nominativo , CodiceFiscale , Partita Iva , Compenso ,	Oggetto , Atto , Servizio ,	Modalita Acquisizione ,	Normativa , DataInizio , DataFine",1,1,1,0,1,1,1,0,0,0
http://trasparenza.nexacenter.org/id/AttiConcessioneMassa,http://trasparenza.nexacenter.org/id/Pdf_vettoriale,http://www.comune.massa.ms.it/sites/files/documenti_internet6/26_aprile_2013.pdf,http://www.comune.massa.ms.it/pagina/atti-di-concessione-dal-1%C2%B0-gennaio-al-31-dicembre-2013,"Dirigente , Settore , Soggetto beneficiario , C.f/p. Iva , Importo del corrispettivo o compenso , norma di riferimento , criteri di individuazione del beneficiario , responsabile del procedimento , estremi del contratto o dell'ordine",0,1,1,0,1,1,0,0,1,0
http://trasparenza.nexacenter.org/id/AttiConcessioneMatera,http://trasparenza.nexacenter.org/id/Xls,http://www.comune.matera.it/images/SETTORE_SERVIZI_ATTI_DI_CONCESSIONE_2013.pdf,http://www.comune.matera.it/it/sovvenzionicontributi-sussidivantaggi-economici/atti-di-concessione,"BENEFICIARIO , CODICE FISCALE , IMPORTO , NORMA O TITOLO A BASE DELL'ATTRIBUZIONE ,  SETTORE , MODALITA'SEGUITA PER L'INDIVIDUAZIONE DEL BENEFICIARIO ,  LINK AL PROGETTO SELEZIONATO , LINK AL CURRICULUM DEL SOGGETTO INCARICATO , NOME FILE ALLEGATO",0,1,1,0,1,1,0,1,0,0
http://trasparenza.nexacenter.org/id/AttiConcessioneMessina,http://trasparenza.nexacenter.org/id/Html_tabellare,http://www.comune.messina.it/amministrazione-trasparente/sovvenzioni-contributi-sussidi-vantaggi-economici/dipartimento-lavori-pubblici.aspx,http://www.comune.messina.it/amministrazione-trasparente/sovvenzioni-contributi-sussidi-vantaggi-economici/atti-di-concessione.aspx,"Beneficiario , P.IVA , importo , titolo a base dell'attribuzione , causale/progetto , modalità individuazione , link progetto",0,0,0,0,0,0,0,0,0,0
http://trasparenza.nexacenter.org/id/AttiConcessioneMilano,http://trasparenza.nexacenter.org/id/Csv,,http://www.comune.milano.it/portale/wps/portal/CDM?WCM_GLOBAL_CONTEXT=/wps/wcm/connect/contentlibrary/Elenco%2BSiti%2Btematici/Elenco%2BSiti%2Btematici/Amministrazione%2Baperta/Sovvenzioni%2Bcontributi%2Bsussidi%2Bvantaggi%2Beconomici/Atti%2Bdi%2Bconcessi,"Beneficiario, Indirizzo, Localita, CodFis, ParIva, Importo, IvaEscusa, Ufficio, ResponsabileProcedimento, ModalitaIndividuazione, TitoloAttribuzione, ProgettoRiferimenti, ProgettoDescrizione",1,1,1,0,1,1,1,0,1,1
http://trasparenza.nexacenter.org/id/AttiConcessioneMilano,http://trasparenza.nexacenter.org/id/Csv,,http://www.comune.milano.it/portale/wps/portal/CDM?WCM_GLOBAL_CONTEXT=/wps/wcm/connect/contentlibrary/Elenco%2BSiti%2Btematici/Elenco%2BSiti%2Btematici/Amministrazione%2Baperta/Sovvenzioni%2Bcontributi%2Bsussidi%2Bvantaggi%2Beconomici/Atti%2Bdi%2Bconcessi,"Beneficiario, Indirizzo, Localita, CodFis, ParIva, Importo, IvaEscusa, Ufficio, ResponsabileProcedimento, ModalitaIndividuazione, TitoloAttribuzione, ProgettoRiferimenti, ProgettoDescrizione",1,1,1,0,1,1,1,0,1,1
http://trasparenza.nexacenter.org/id/AttiConcessioneMilano,http://trasparenza.nexacenter.org/id/Csv,,http://www.comune.milano.it/portale/wps/portal/CDM?WCM_GLOBAL_CONTEXT=/wps/wcm/connect/contentlibrary/Elenco%2BSiti%2Btematici/Elenco%2BSiti%2Btematici/Amministrazione%2Baperta/Sovvenzioni%2Bcontributi%2Bsussidi%2Bvantaggi%2Beconomici/Atti%2Bdi%2Bconcessi,"Beneficiario, Indirizzo, Localita, CodFis, ParIva, Importo, IvaEscusa, Ufficio, ResponsabileProcedimento, ModalitaIndividuazione, TitoloAttribuzione, ProgettoRiferimenti, ProgettoDescrizione",1,1,1,0,1,1,1,0,1,1
http://trasparenza.nexacenter.org/id/AttiConcessioneMilano,http://trasparenza.nexacenter.org/id/Csv,,http://www.comune.milano.it/portale/wps/portal/CDM?WCM_GLOBAL_CONTEXT=/wps/wcm/connect/contentlibrary/Elenco%2BSiti%2Btematici/Elenco%2BSiti%2Btematici/Amministrazione%2Baperta/Sovvenzioni%2Bcontributi%2Bsussidi%2Bvantaggi%2Beconomici/Atti%2Bdi%2Bconcessi,"Beneficiario, Indirizzo, Localita, CodFis, ParIva, Importo, IvaEscusa, Ufficio, ResponsabileProcedimento, ModalitaIndividuazione, TitoloAttribuzione, ProgettoRiferimenti, ProgettoDescrizione",1,1,1,0,1,1,1,0,1,1
http://trasparenza.nexacenter.org/id/AttiConcessioneMilano,http://trasparenza.nexacenter.org/id/Csv,,http://www.comune.milano.it/portale/wps/portal/CDM?WCM_GLOBAL_CONTEXT=/wps/wcm/connect/contentlibrary/Elenco%2BSiti%2Btematici/Elenco%2BSiti%2Btematici/Amministrazione%2Baperta/Sovvenzioni%2Bcontributi%2Bsussidi%2Bvantaggi%2Beconomici/Atti%2Bdi%2Bconcessi,"Beneficiario, Indirizzo, Localita, CodFis, ParIva, Importo, IvaEscusa, Ufficio, ResponsabileProcedimento, ModalitaIndividuazione, TitoloAttribuzione, ProgettoRiferimenti, ProgettoDescrizione",1,1,1,0,1,1,1,0,1,1
http://trasparenza.nexacenter.org/id/AttiConcessioneMilano,http://trasparenza.nexacenter.org/id/Csv,,http://www.comune.milano.it/portale/wps/portal/CDM?WCM_GLOBAL_CONTEXT=/wps/wcm/connect/contentlibrary/Elenco%2BSiti%2Btematici/Elenco%2BSiti%2Btematici/Amministrazione%2Baperta/Sovvenzioni%2Bcontributi%2Bsussidi%2Bvantaggi%2Beconomici/Atti%2Bdi%2Bconcessi,"Beneficiario, Indirizzo, Localita, CodFis, ParIva, Importo, IvaEscusa, Ufficio, ResponsabileProcedimento, ModalitaIndividuazione, TitoloAttribuzione, ProgettoRiferimenti, ProgettoDescrizione",1,1,1,0,1,1,1,0,1,1
http://trasparenza.nexacenter.org/id/AttiConcessioneMilano,http://trasparenza.nexacenter.org/id/Csv,,http://www.comune.milano.it/portale/wps/portal/CDM?WCM_GLOBAL_CONTEXT=/wps/wcm/connect/contentlibrary/Elenco%2BSiti%2Btematici/Elenco%2BSiti%2Btematici/Amministrazione%2Baperta/Sovvenzioni%2Bcontributi%2Bsussidi%2Bvantaggi%2Beconomici/Atti%2Bdi%2Bconcessi,"Beneficiario, Indirizzo, Localita, CodFis, ParIva, Importo, IvaEscusa, Ufficio, ResponsabileProcedimento, ModalitaIndividuazione, TitoloAttribuzione, ProgettoRiferimenti, ProgettoDescrizione",1,1,1,0,1,1,1,0,1,1
http://trasparenza.nexacenter.org/id/AttiConcessioneModena,http://trasparenza.nexacenter.org/id/Xls,http://www.comune.modena.it/il-comune/amministrazione-trasparente/sovvenzioni-contributi-sussidi-vantaggi-economici/atti-di-concessione/circoscrizioni/art18schedacirco,http://www.comune.modena.it/il-comune/amministrazione-trasparente/sovvenzioni-contributi-sussidi-vantaggi-economici/atti-di-concessione,"Incarico , Art. 18 , Oggetto ,	Nominativo , Cod. Fiscale/P.IVA , Circoscrizione , Consiglio di Circoscrizione del , Settore , Dirigente , Individuazione , Compenso (Euro) , Riferimento atto deliberativo",0,1,1,0,0,1,1,0,1,1
http://trasparenza.nexacenter.org/id/AttiConcessioneMonza,http://trasparenza.nexacenter.org/id/Html_tabellare,http://web.comune.monza.it/AmministrazioneAperta/,http://www.comune.monza.it/portale/monzacomune/amministrazione_trasparente/sovvenzioni/index.html,"Pagamento , Anno , Data , Oggetto ,	Beneficiario ,	Dati Fiscali , Importo , Allegati",0,0,1,0,0,0,1,0,0,0
http://trasparenza.nexacenter.org/id/AttiConcessioneNapoli,http://trasparenza.nexacenter.org/id/Xls,http://www.comune.napoli.it/flex/cm/pages/ServeAttachment.php/L/IT/D/e%252F1%252F0%252FD.780454b8cbf6ec3f0ede/P/BLOB%3AID%3D23508,http://www.comune.napoli.it/flex/cm/pages/ServeBLOB.php/L/IT/IDPagina/20514,"N., RAGIONE SOCIALE O NOMINATIVO DEL BENEFICIARIO, CODICE FISCALE O PARTITA IVA DEL BENEFICIARIO, IMPORTO IN EURO DEL BENEFICIO (1), TIPOLOGIA DEL BENEFICIO (2), ESTREMI DELLA NORMA O DEL TITOLO PER L’ATTRIBUZIONE (3), SERVIZIO RESPONSABILE, NOMINATIVO RESPONSABILE DEL PROCEDIMENTO, MODALITA’ DI ATTRIBUZIONE (4)",1,1,1,0,1,1,0,0,1,1
http://trasparenza.nexacenter.org/id/AttiConcessioneNovara,http://trasparenza.nexacenter.org/id/Csv,http://www.comune.novara.it/comune/trasparenza/amministrazioneTrasparente/sovvenzioni/atti.od.php,http://www.comune.novara.it/comune/trasparenza/amministrazioneTrasparente/sovvenzioni/atti.php,"Nominativo / Ragione sociale, C.F/P.IVA, Importo, Norma, Ufficio, Responsabile del procedimento, Modalità  di individuazione, Curriculum, Contratto, Progetto, IDDocumBenef, Atto, Numero, Data",1,1,1,1,1,1,1,1,0,1
http://trasparenza.nexacenter.org/id/AttiConcessioneNuoro,http://trasparenza.nexacenter.org/id/Html_tabellare,https://docs.google.com/spreadsheet/ccc?key=0Avm3tGHrvhIKdEQtV0dwVmRWS3NuR21qTDB6VUhYaEE&usp=sharing#gid=0,http://www.comune.nuoro.it/index.php/Sovvenzioni%2C_contributi%2C_sussidi%2C_vantaggi_economici,"Beneficiario , Dati Fiscali Beneficiario , Responsabile , Importo , Beneficio ,	Modalità di affidamento , Norma , Documenti a supporto , Link per ricerca o download provvedimenti",0,1,1,0,1,1,1,1,1,1
http://trasparenza.nexacenter.org/id/AttiConcessioneOlbia,http://trasparenza.nexacenter.org/id/Csv,http://www.comuneolbia.amministrazioneaperta.it/tabella/exAmmAperta?file=csv,http://www.gazzettaamministrativa.it/opencms/opencms/_gazzetta_amministrativa/amministrazione_trasparente/_sardegna/_olbia/120_sov_con_sus_van/020_att_con/,"Beneficiario , Importo , Titolo o Norma , Responsabile Ufficio , Modalità Assegnazione ,Progetto , Contratto",0,0,1,0,1,1,1,0,1,1
http://trasparenza.nexacenter.org/id/AttiConcessioneOristano,http://trasparenza.nexacenter.org/id/Csv,http://www.comune.oristano.it/.galleries/doc-amministrazione_trasparente/Sovvenzioni.csv,http://www.comune.oristano.it/it/amministrazione-trasparente/sovvenzioni-contributi-sussidi-vantaggi-economici/atti-di-concessione/,"Data creazione , Beneficiario , C.F o P.IVA , Capitolato , Contratto ,  Curriculum , Identificativo , Importo ,  Modalità importo Beneficiario , Norma/TItolo per attribuzione ,  Procedimento , Progetto ,  Responsabile , Settore",1,1,1,0,1,1,1,0,1,1
http://trasparenza.nexacenter.org/id/AttiConcessionePadova,http://trasparenza.nexacenter.org/id/Csv,https://serviziweb4.comune.padova.it/pentaho/content/reporting/reportviewer/report.html?solution=Trasparenza&path=%2FReport&name=rpt_concessioni_csv.prpt&userid=trasparenza&password=trasparenza&locale=it_IT,http://www.padovanet.it/lista.jsp?tasstipo=S&tassidpadre=2347&tassid=2451,"Beneficiario , Dati Fiscali , Importo , Atto , Numero atto , Data atto , Oggetto , Settore , Responsabile",1,1,1,0,0,1,1,0,1,1
http://trasparenza.nexacenter.org/id/AttiConcessionePalermo,http://trasparenza.nexacenter.org/id/Html,http://www.comune.palermo.it/amministrazione_trasparente.php?sel=12&asel=172,http://www.comune.palermo.it/amministrazione_trasparente.php?sel=12&asel=172,"anno, disposizione normativa, numero beneficiari, importo",0,0,1,0,1,0,0,0,0,1
http://trasparenza.nexacenter.org/id/AttiConcessioneParma,http://trasparenza.nexacenter.org/id/Csv,http://www.comune.parma.it/comune/Handlers/TabellaExcel.ashx?Id=2f203ddb-91c9-4114-946f-8d2d0621d7f3&r=csv,http://www.comune.parma.it/comune/Amministrazione-Trasparente_Sovvenzioni-contributi--sussidi-vantaggi-economici/atti-di-concessione.aspx,"N° ATTO , DATA ATTO ,	TIPO DI CONCESSIONE ,	OGGETTO	, BENEFICIARIO , DATI FISCALI BENEFICIARIO ,	IMPORTO VANTAGGIO ECONOMICO DIRETTO ,	IMPORTO VANTAGGIO ECONOMICO INDIRETTO , IMPORTO VANTAGGIO ECONOMICO DIRETTO , NORMA O TITOLO A BASE DELL'ATTRIBUZIONE , UFFICIO RESPONSABILE , MODALITA' PER INDIVIDUARE IL BENEFICIARIO ,	LINK AL PROGETTO SELEZIONATO , LINK AL CURRICULUM DEL SOGGETTO INCARICATO , FUNZIONARIO O DIRIGENTE RESPONSABILE DEL PROCEDIMENTO",1,1,1,0,1,1,1,0,1,1
http://trasparenza.nexacenter.org/id/AttiConcessionePavia,http://trasparenza.nexacenter.org/id/Csv,http://portale.comune.pv.it/Beneficiari/coatti02.aspx?bef_codice=1&SORT=AALFA&idSessione=igheryykeqnn3a45rmq1fv55&men_id=00.07.00,http://www.comune.pv.it/site/home/il-comune/amministrazione-trasparente/sovvenzioni-contributi-sussidi-vantaggi-economici/articolo12057.html,"Norma o Titolo , Mod. Individ. , Beneficiario ,	Responsabile ,	Imp. Beneficio ,	Data Atto , Link",1,1,1,1,1,1,0,0,1,0
http://trasparenza.nexacenter.org/id/AttiConcessionePerugia,http://trasparenza.nexacenter.org/id/Xml,http://www.comune.perugia.it/cpg/beneficiarierogazioni/beneficiari.aspx?art=26,http://www.comune.perugia.it/cpg/beneficiarierogazioni/beneficiari.aspx?art=26,"denominazione, tipologia, norma/titolo/oggetto, responsabile procedimento, modalità, importo",1,0,1,0,1,1,1,0,0,0
http://trasparenza.nexacenter.org/id/AttiConcessionePesaro,http://trasparenza.nexacenter.org/id/Csv,http://www.opendata.comune.pesaro.pu.it/ExportServlet?formato=CSV,http://www.comune.pesaro.pu.it/index.php?id=15031,"RAGIONE_SOCIALE_BEN ,	COD_BENEFICIARIO ,	CODICE_FISCALE , PARTITA_IVA , NUMERO ,	ANNO ,	IMPORTO , NUMERO_DOCUMENTO , DATA_DOCUMENTO	, UFFICIO ,	RESPONSABILE ,	NORMA ,	MODALITA",0,1,1,0,1,1,0,0,1,1
http://trasparenza.nexacenter.org/id/AttiConcessionePescara,http://trasparenza.nexacenter.org/id/Pdf_raster,http://www.comune.pescara.it/UserFiles/utenti/File/trasparenza/2014/servizi_alla_persona_elenco_contributi_anno_2014.pdf,http://www.comune.pescara.it/internet/index.php?navBackPage=747&codice=58#atti_di_concessione,"Beneficiario , P.Iva/Cod.Fisc. , Importo Beneficio, Anno , Norma o Titolo per l'Attribuzione, Ufficio Competente/ Responsabile , Modalità di Individuazione Beneficiario , Atto",1,0,1,0,1,1,1,0,1,1
http://trasparenza.nexacenter.org/id/AttiConcessionePiacenza,http://trasparenza.nexacenter.org/id/Csv,http://hosting.soluzionipa.it/piacenza/benefici/csv.php,http://hosting.soluzionipa.it/piacenza/benefici/elenchi_csv.php,"Tipo , Beneficiario , Codice Fiscale , Modalità , Importo , Descrizione , Data , Ufficio , Responsabile",0,1,1,0,1,1,1,0,1,1
http://trasparenza.nexacenter.org/id/AttiConcessionePisa,http://trasparenza.nexacenter.org/id/Pdf_vettoriale,http://www.ambiente.comune.pisa.it/documenti_servizi/kmz/bando-contrib-assoc-animaliste-agosto-2014.pdf,http://www.comune.pisa.it/it/progetto-scheda/8980/Atti-di-concessione.html,,1,0,0,0,0,1,1,0,1,0
http://trasparenza.nexacenter.org/id/AttiConcessionePistoia,,,http://www.comune.pistoia.it/2120/Sovvenzioni%20contributi%20sussidi%20vantaggi,,0,0,0,0,0,0,0,0,0,0
http://trasparenza.nexacenter.org/id/AttiConcessionePordenone,http://trasparenza.nexacenter.org/id/Csv,http://amministrazioneaperta.regione.fvg.it/AmministrazioneAperta-FE/public/elencoEnte.html?pEnte=093033,http://www.comune.pordenone.it/it/comune/amministrazione-trasparente/sovvenzioni-contributi-sussidi-vantaggi-economici/atti-di-concessione,"ente , fondo fuori bilancio ,	tipo beneficiario , beneficiario , dati fiscali ,	importo , tipo atto ,	norma/titolo a base della concessione , norma/titolo a base della concessione: link , norma/titolo a base della concessione: file , regolamento: link , regolamento: file , bando: link , bando: file , atto di concessione: link ,	atto di concessione: file , struttura competente , responsabile del  procedimento amministrativo	criterio di individuazione del beneficiario ,	progetto ,	progetto: link , progetto: file	 , curriculum ,	curriculum: link , curriculum: file	contratto/capitolato ,	contratto/capitolato: link ,	contratto/capitolato: file ,	atto di incarico: file	data pubblicazione ,	data revoca ,	note",1,1,1,1,1,1,1,1,1,1
http://trasparenza.nexacenter.org/id/AttiConcessionePotenza,,,,,0,0,0,0,0,0,0,0,0,0
http://trasparenza.nexacenter.org/id/AttiConcessionePotenza,,,,,0,0,0,0,0,0,0,0,0,0
http://trasparenza.nexacenter.org/id/AttiConcessionePrato,,,http://www.comune.prato.it/trasparenza/sovvenzioni/sovvenzioni-atti/home.htm,,0,0,0,0,0,0,0,0,0,0
http://trasparenza.nexacenter.org/id/AttiConcessionePrato,,,http://www.comune.prato.it/trasparenza/sovvenzioni/sovvenzioni-atti/home.htm,,0,0,0,0,0,0,0,0,0,0
http://trasparenza.nexacenter.org/id/AttiConcessionePrato,,,http://www.comune.prato.it/trasparenza/sovvenzioni/sovvenzioni-atti/home.htm,,0,0,0,0,0,0,0,0,0,0
http://trasparenza.nexacenter.org/id/AttiConcessionePrato,,,http://www.comune.prato.it/trasparenza/sovvenzioni/sovvenzioni-atti/home.htm,,0,0,0,0,0,0,0,0,0,0
http://trasparenza.nexacenter.org/id/AttiConcessionePrato,,,http://www.comune.prato.it/trasparenza/sovvenzioni/sovvenzioni-atti/home.htm,,0,0,0,0,0,0,0,0,0,0
http://trasparenza.nexacenter.org/id/AttiConcessionePrato,,,http://www.comune.prato.it/trasparenza/sovvenzioni/sovvenzioni-atti/home.htm,,0,0,0,0,0,0,0,0,0,0
http://trasparenza.nexacenter.org/id/AttiConcessioneRagusa,,,http://www.comune.ragusa.gov.it/amministrazione/sovvenzioni.html,,0,0,0,0,0,0,0,0,0,0
http://trasparenza.nexacenter.org/id/AttiConcessioneRagusa,,,http://www.comune.ragusa.gov.it/amministrazione/sovvenzioni.html,,0,0,0,0,0,0,0,0,0,0
http://trasparenza.nexacenter.org/id/AttiConcessioneRagusa,,,http://www.comune.ragusa.gov.it/amministrazione/sovvenzioni.html,,0,0,0,0,0,0,0,0,0,0
http://trasparenza.nexacenter.org/id/AttiConcessioneRagusa,,,http://www.comune.ragusa.gov.it/amministrazione/sovvenzioni.html,,0,0,0,0,0,0,0,0,0,0
http://trasparenza.nexacenter.org/id/AttiConcessioneRagusa,,,http://www.comune.ragusa.gov.it/amministrazione/sovvenzioni.html,,0,0,0,0,0,0,0,0,0,0
http://trasparenza.nexacenter.org/id/AttiConcessioneRagusa,,,http://www.comune.ragusa.gov.it/amministrazione/sovvenzioni.html,,0,0,0,0,0,0,0,0,0,0
http://trasparenza.nexacenter.org/id/AttiConcessioneRavenna,http://trasparenza.nexacenter.org/id/Html_tabellare,http://extraweb.comune.ra.it/trasparenza/beneficiari.asp?anno=2014,http://www.comune.ra.it/Amministrazione-Trasparente/Sovvenzioni-contributi-sussidi-vantaggi-economici/Atti-di-concessione,"Anno del beneficio , Tipo documento , Tipo Atto	, Numero , Dirigente , Beneficiario , Modalità individuazione , Norma o Titolo , Importo , Allegati",1,0,1,0,1,1,0,1,0,0
http://trasparenza.nexacenter.org/id/AttiConcessioneReggioCalabria,http://trasparenza.nexacenter.org/id/Csv,http://www.reggiocal.it/wcm/images/iconEditor/AlboBeneficiariComuneRC2013.csv,http://www.reggiocal.it/on-line/Home/AreeTematiche/AmministrazioneTrasparente/Sovvenzionicontributisussidivantaggieconomici/Attidiconcessione.html,"Prog. , N. Mandato , Data , Mandato , Voce Economica , Oggetto del Mandato ,	Beneficiario , Indirizzo , Localita' , PR , Cod. Fiscale , Partita IVA , Tipo Atto ,	Anno ,	Numero , Ufficio responsabile del procedimento / Settore , Funzionario/Dirigente responsabile del procedimento , Importo Lordo ,Data Quietanza",1,1,1,0,0,1,1,0,1,1
http://trasparenza.nexacenter.org/id/AttiConcessioneReggionell-27Emilia,http://trasparenza.nexacenter.org/id/Html_tabellare,http://www.municipio.re.it/retecivica/urp/retecivi.nsf/PESIdDoc/C53A68ABF4660F97C1257C3700368556/%24file/contributi.html,http://www.municipio.re.it/retecivica/urp/pes.nsf/web/ttdcncssn?opendocument,"ESERCIZIO , CAPITOLO , IMPEGNO , Ufficio responsabile procedimento , DESCRIZIONE , IMPORTO	, Nominativo , Atto",1,0,1,0,0,1,1,0,0,1
http://trasparenza.nexacenter.org/id/AttiConcessioneRieti,http://trasparenza.nexacenter.org/id/Pdf_vettoriale,http://93.57.94.158:8080/dms/werwer/sovvenzioni-contributi-sussidi-vantaggi-economici/atti-di-concessione/2013/borse-lavoro-x-trasparenza/Borse%20lavoro.pdf,http://93.57.94.158:8080/home/amministrazione-trasparente/sovvenzioni-contributi-sussidi-vantaggi-economici/atti-di-concessione.html,,0,0,1,0,0,1,0,0,0,0
http://trasparenza.nexacenter.org/id/AttiConcessioneRimini,http://trasparenza.nexacenter.org/id/Csv,http://www.comune.rimini.it/binary/comune_rimini/elenco_beneficiari/LOCALI_E_IMPIANTI_totale_open_data.1406209464.csv,http://www.comune.rimini.it/servizi/amministrazione_trasparente/sovvenzioni_contributi/atti_concessione/albo_beneficiari/pagina1412.html,"nome , CF , IMPORTO , NORMA , ATTO DI CONCESSIONE , SERVIZIO , FUNZIONARIO , MODALITA",1,1,1,0,1,1,1,0,1,0
http://trasparenza.nexacenter.org/id/AttiConcessioneRoma,http://trasparenza.nexacenter.org/id/Html_tabellare,http://www.comune.roma.it/servizi2/art18net/jsp/common/Home.jsp,http://www.comune.roma.it/servizi2/art18net/jsp/common/Home.jsp,"Beneficiario, Cod.Fisc./Part.Iva, Estremi Atto, Importo, Norma, Modalità Indiv., Struttura Resp., Responsab. Strutt., Allegato",1,1,1,0,1,1,0,0,1,1
http://trasparenza.nexacenter.org/id/AttiConcessioneRovigo,http://trasparenza.nexacenter.org/id/Html_tabellare,http://www.comune.rovigo.it/portal/page/portal/PG_PORTALE_METROPOLITANO/AB_COMUNEASSET1/PG_BACHECA/Amministrazione%20trasparente/AmministrazioneAperta,http://www.comune.rovigo.it/portal/page/portal/PG_PORTALE_METROPOLITANO/AB_COMUNEASSET1/PG_BACHECA/Amministrazione%20trasparente/Sovvenzioni%20contributi%20sussidi%20vantaggi%20economici,"Identificativo , Nome impresa o soggetto beneficiario , Dati fiscali ,	Importo	, Norma o titolo attribuzione ,	Ufficio funzionario dirigente responsabile ,	Modalita individuazione beneficiario ,	Link a curriculum , Link a progetto ,	Link a contratto , Link a capitolato",1,1,1,1,1,1,0,1,1,1
http://trasparenza.nexacenter.org/id/AttiConcessioneSalerno,,,http://www.comune.salerno.it/client/scheda.aspx?scheda=5488&stile=4&ti=2,,0,0,0,0,0,0,0,0,0,0
http://trasparenza.nexacenter.org/id/AttiConcessioneSalerno,,,http://www.comune.salerno.it/client/scheda.aspx?scheda=5488&stile=4&ti=2,,0,0,0,0,0,0,0,0,0,0
http://trasparenza.nexacenter.org/id/AttiConcessioneSalerno,,,http://www.comune.salerno.it/client/scheda.aspx?scheda=5488&stile=4&ti=2,,0,0,0,0,0,0,0,0,0,0
http://trasparenza.nexacenter.org/id/AttiConcessioneSalerno,,,http://www.comune.salerno.it/client/scheda.aspx?scheda=5488&stile=4&ti=2,,0,0,0,0,0,0,0,0,0,0
http://trasparenza.nexacenter.org/id/AttiConcessioneSalerno,,,http://www.comune.salerno.it/client/scheda.aspx?scheda=5488&stile=4&ti=2,,0,0,0,0,0,0,0,0,0,0
http://trasparenza.nexacenter.org/id/AttiConcessioneSanluri,http://trasparenza.nexacenter.org/id/Html_tabellare,http://217.133.185.226/sanluri/Trasparenza/Impegni.aspx?AspxAutoDetectCookieSupport=1,http://www.comune.sanluri.vs.it/servizi/Menu/dinamica.aspx?idArea=20047&idCat=20072&ID=20234&TipoElemento=Categoria,"Beneficiario ,	Importo ,	Norma ,	Responsabile ,	Modalità/Atto ,	Allegati",0,0,1,0,1,1,0,0,1,0
http://trasparenza.nexacenter.org/id/AttiConcessioneSassari,http://trasparenza.nexacenter.org/id/Csv,http://www.comune.sassari.it/comune/amministrazione_trasparente/sovvenzioni_contributi/articolo_18_anno_2014.csv,http://www.comune.sassari.it/comune/amministrazione_trasparente/sovvenzioni_contributi/indice_sovvenzioni_contributi.htm,"Nominativo , Codice Fiscale , Partita Iva , Importo , Norma o titolo a base dell'attribuzione , Atto , Link Atto , Ufficio responsabile procedimento , Funzionario / Dirigente ,	Modalita' seguita per l'individuazione del beneficiario ,	Estremi progetto , Link progetto , Estremi contratto , Link contratto , Link curriculum",1,1,1,0,1,1,0,0,1,1
http://trasparenza.nexacenter.org/id/AttiConcessioneSavona,http://trasparenza.nexacenter.org/id/Xls,http://images.comune.savona.it//IT/f/Personale/Trasparenza/22/22264_COMUNESVML_6102014.xls,http://www.comune.savona.it/IT/Page/t02/view_html?idp=7003,"Tipologia , Beneficiario , Codice Fiscale / Partita IVA	, Importo , ""Norma o titolo  attribuzione"" , Ufficio / Funzionario Responsabile procedimento , Modalità seguita per individuazione beneficiario , Estremi atto",1,1,1,0,1,1,1,0,1,1
http://trasparenza.nexacenter.org/id/AttiConcessioneSiena,http://trasparenza.nexacenter.org/id/Html_tabellare,http://archivio.comune.siena.it/contratti/contributipubblicati.asp,http://www.comune.siena.it/Il-Comune/Amministrazione-Trasparente/Sovvenzioni-contributi-sussidi-vantaggi-economici/Atti-di-concessione,"Data , Oggetto , Importo esclusa I.V.A. , Normativa , Modalità Individuazione",0,0,1,0,1,0,1,0,0,0
http://trasparenza.nexacenter.org/id/AttiConcessioneSiracusa,http://trasparenza.nexacenter.org/id/Pdf_vettoriale,http://www.gazzettaamministrativa.it/opencms/export/sites/default/_gazzetta_amministrativa/amministrazione_trasparente/_sicilia/_siracusa/120_sov_con_sus_van/020_att_con/2014/0001_Documenti_1392207149851/1392207154384_patr._oneroso_banda_musicale_-_del._g,http://www.gazzettaamministrativa.it/opencms/opencms/_gazzetta_amministrativa/amministrazione_trasparente/_sicilia/_siracusa/120_sov_con_sus_van/020_att_con/,"Denominazione , Importo",0,0,1,0,0,1,0,0,0,0
http://trasparenza.nexacenter.org/id/AttiConcessioneSondrio,,,http://www.comune.sondrio.it/site/home/aree-tematiche/amministrazione-trasparente/sovvenzioni-contributi-sussidi-vantaggi-economici/atti-di-concessione.html,,0,0,0,0,0,0,0,0,0,0
http://trasparenza.nexacenter.org/id/AttiConcessioneSondrio,,,http://www.comune.sondrio.it/site/home/aree-tematiche/amministrazione-trasparente/sovvenzioni-contributi-sussidi-vantaggi-economici/atti-di-concessione.html,,0,0,0,0,0,0,0,0,0,0
http://trasparenza.nexacenter.org/id/AttiConcessioneSondrio,,,http://www.comune.sondrio.it/site/home/aree-tematiche/amministrazione-trasparente/sovvenzioni-contributi-sussidi-vantaggi-economici/atti-di-concessione.html,,0,0,0,0,0,0,0,0,0,0
http://trasparenza.nexacenter.org/id/AttiConcessioneSondrio,,,http://www.comune.sondrio.it/site/home/aree-tematiche/amministrazione-trasparente/sovvenzioni-contributi-sussidi-vantaggi-economici/atti-di-concessione.html,,0,0,0,0,0,0,0,0,0,0
http://trasparenza.nexacenter.org/id/AttiConcessioneSondrio,,,http://www.comune.sondrio.it/site/home/aree-tematiche/amministrazione-trasparente/sovvenzioni-contributi-sussidi-vantaggi-economici/atti-di-concessione.html,,0,0,0,0,0,0,0,0,0,0
http://trasparenza.nexacenter.org/id/AttiConcessioneSondrio,,,http://www.comune.sondrio.it/site/home/aree-tematiche/amministrazione-trasparente/sovvenzioni-contributi-sussidi-vantaggi-economici/atti-di-concessione.html,,0,0,0,0,0,0,0,0,0,0
http://trasparenza.nexacenter.org/id/AttiConcessioneTaranto,http://trasparenza.nexacenter.org/id/Xls,http://www.gazzettaamministrativa.it/opencms/export/sites/default/_gazzetta_amministrativa/amministrazione_trasparente/_puglia/_taranto/120_sov_con_sus_van/020_att_con/2014/Documenti_1408441755836/1408441757378_primo_semestre_2014.xls,http://www.gazzettaamministrativa.it/opencms/opencms/_gazzetta_amministrativa/amministrazione_trasparente/_puglia/_taranto/120_sov_con_sus_van/020_att_con/,"Beneficiario , CV , Importo , Ufficio e Funzionario ,Modalità Assegnazione , Titolo Attribuzione , Progetto , Contratto , Capitolato",1,0,1,0,1,1,1,0,1,1
http://trasparenza.nexacenter.org/id/AttiConcessioneTempioPausania,http://trasparenza.nexacenter.org/id/Csv,http://www.comune.tempiopausania.ot.it/cmstempio/portale/gente77/consultaamministrazioneaperta.aspx,http://www.comune.tempiopausania.ot.it/attachments/article/2192/ALBO%20BENEFICIARI%20PROVVIDENZE%202013.pdf,"NUMERO_AMMAPERTA, ANNO_AMMAPERTA, NUMERO_LIQ, ANNO_LIQ, NOME_BENEF, COD_FISC_BENEF, P_IVA_BENEF, IMPORTO, TITOLO_NORMA, NOME_RESP, UFFICIO_RESP, MOD_ASSEGNAZIONE, CAPITOLATO, PROGETTO, CONTRATTO",1,0,1,0,1,1,0,1,0,1
http://trasparenza.nexacenter.org/id/AttiConcessioneTeramo,http://trasparenza.nexacenter.org/id/Html_tabellare,http://31.198.16.84:8010/EXEC,http://www.comune.teramo.it/index.php?id=190,"Azienda o soggetto beneficiario , Importo , Norma o titolo a base dell'attribuzione , Resp procedimento ufficio , Modalità di individuazione del beneficiario , Dettaglio ed allegati",1,1,1,0,1,1,0,0,1,1
http://trasparenza.nexacenter.org/id/AttiConcessioneTerni,http://trasparenza.nexacenter.org/id/Html_tabellare,http://in.comune.terni.it/trasparenza/index.asp,http://www.comune.terni.it/trasp/at/content/atti-di-concessione,"Beneficiario , Norma / Titolo Attribuzione , Responsabile , Modalità Attribuzione , Importo",1,0,1,0,1,1,1,0,1,0
http://trasparenza.nexacenter.org/id/AttiConcessioneTorino,http://trasparenza.nexacenter.org/id/Csv,http://www.comune.torino.it/affidamenti/,http://www.comune.torino.it/amministrazionetrasparente/economici/atti-concessione/index.shtml,"anno esercizio, anno provvedimento, N.Provvedimento, settore/servizio comunale, oggetto, tipologia, norma (vuoto), responsabile procedimento (vuoto), beneficiario, importo",1,0,1,0,0,1,1,0,0,0
http://trasparenza.nexacenter.org/id/AttiConcessioneTortol-C3-AC,http://trasparenza.nexacenter.org/id/Pdf_vettoriale,http://www.comuneditortoli.it/portale_comune/public/allegati_contenuti/225440953_albo_contributi_anno_2013.pdf,http://www.comuneditortoli.it/portale_comune/portale/dettagli_contenuto.asp?id_contenuto=447,"Determinazione n. , Data , Beneficiario , Oggeto , Importo",0,0,1,0,0,1,1,0,0,0
http://trasparenza.nexacenter.org/id/AttiConcessioneTrani,http://trasparenza.nexacenter.org/id/Ods,http://www.comune.trani.bt.it/userfiles/files/AmmTrasparente/Sovvenzioni/Sovvenzioni.ods,http://www.comune.trani.bt.it/AmministrazioneTrasparente/Dataview.aspx?id=417,"Beneficiario ,	Partita Iva / Cod. Fiscale , Importo , Titolo / Norma , Responsabile Procedimento – Ufficio , Modalità Assegnazione , Bando/capitolato/disciplinare , Atto Amministrativo , Offerta/Preventivo/Progetto/Curricula , Contratto",1,1,1,0,0,1,1,0,0,1
http://trasparenza.nexacenter.org/id/AttiConcessioneTrapani,http://trasparenza.nexacenter.org/id/Xls,http://www.comune.trapani.it/amministrazioneaperta/Art_18.xls,http://www.comune.trapani.it/web/index.php/component/content/article/122-amministrazione-trasparente/1463-atti-di-concessione,"Beneficiario , Dati Fiscali , Importo , Norma , Settore , Servizio , Dirigente , Modalita , Link al progetto curriculum del soggetto incaricato  contratto e capitolato della prestazione fornitura o servizio",0,1,1,1,1,1,1,1,1,0
http://trasparenza.nexacenter.org/id/AttiConcessioneTrento,http://trasparenza.nexacenter.org/id/Html_tabellare,http://www.comune.trento.it/Comune/Organizzazione-comunale/Amministrazione-trasparente/Sovvenzioni-contributi-sussidi-vantaggi-economici/Atti-di-concessione/Atti-di-concessione,http://www.comune.trento.it/Comune/Organizzazione-comunale/Amministrazione-trasparente/Sovvenzioni-contributi-sussidi-vantaggi-economici/Atti-di-concessione/Atti-di-concessione,"beneficiario, codice fiscale, Modalità scelta beneficiario,  art.7, LR n. 8/2012 comma 1, Titolo attribuzione, importo, Struttura, Responsabile",1,1,1,0,1,1,1,0,1,0
http://trasparenza.nexacenter.org/id/AttiConcessioneTreviso,http://trasparenza.nexacenter.org/id/Pdf_vettoriale,http://www.comune.treviso.it/pdf/Atti-di-concessione-contributi-20130529.pdf,http://www.comune.treviso.it/index.php?view=article&catid=221%3Asovvenzionicontributisussidivantaggi-economici&id=8081%3Aatti-di-concessione&option=com_content&Itemid=904,"Data , Ditta beneficiaria , Oggetto , Contenuto",1,0,0,0,0,1,1,0,0,0
http://trasparenza.nexacenter.org/id/AttiConcessioneTrieste,http://trasparenza.nexacenter.org/id/Html,http://www.retecivica.trieste.it/new/default.asp?tabella_padre=sezioni&ids=89&tipo=blocchi_sezioni_89&pagina=-,http://www.retecivica.trieste.it/new/default.asp?tabella_padre=sezioni&ids=89&tipo=blocchi_sezioni_89&pagina=-,"Area / Servizio, Estremi provvedimento (determinazione o deliberazione), Nome dell'impresa o altro soggetto beneficiario, dati fiscali del beneficiario (P.IVA e/o C.F), Importo Euro, Norma o titolo a base dell'attribuzione Ufficio e funzionario o dirigente responsabile del relativo procedimento amministrativo, Modalità seguita per l'individuazione del beneficiario (gara, procedura comparativa, affidamento diretto, ecc.), Link a:  progetto selezionato, curriculum del soggetto incaricato, contratto, capitolato della prestazione, fornitura o serviziREG.",1,1,1,1,1,1,1,1,1,1
http://trasparenza.nexacenter.org/id/AttiConcessioneUdine,http://trasparenza.nexacenter.org/id/Csv,http://amministrazioneaperta.regione.fvg.it/AmministrazioneAperta-FE/public/ricercaEnte.html?pEnte=030129,http://www.comune.udine.it/opencms/opencms/release/ComuneUdine/comune/Nuovo_progetto_trasparenza/sovvenzioni_sussidi_vantaggi_economici/Atti_concessione.html?style=1,"ente, fondo fuori bilancio, tipo beneficiario, beneficiario, dati fiscali, importo, tipo atto, norma/titolo a base della concessione, norma/titolo a base della concessione: link, norma/titolo a base della concessione: file, regolamento: link, regolamento: file, bando: link, bando: file, atto di concessione: link, atto di concessione: file, struttura competente, responsabile del  procedimento amministrativo, criterio di individuazione del beneficiario, progetto, progetto: link, progetto: file, curriculum, curriculum: link, curriculum: file, contratto/capitolato, contratto/capitolato: link, contratto/capitolato: file, atto di incarico: file, data pubblicazione, data revoca, note",1,1,1,1,1,1,1,1,1,1
http://trasparenza.nexacenter.org/id/AttiConcessioneUrbino,http://trasparenza.nexacenter.org/id/Csv,http://comuneurbino.amministrazioneaperta.it/tabella/exAmmAperta?file=csv,http://comuneurbino.amministrazioneaperta.it/tabella,"Beneficiario , Importo , Titolo o Norma	, Responsabile - Ufficio , Modalita' Assegnazione ,	Progetto ,	Contratto",1,0,1,0,1,0,1,0,1,1
http://trasparenza.nexacenter.org/id/AttiConcessioneVarese,http://trasparenza.nexacenter.org/id/Pdf_vettoriale,http://www.comune.varese.it/si4web/common/AmvDownload.jsp?ID_BLOB=97373&saveAS=CONTRIBUTI%2C_SUSSIDI%2C_AUSILI_E_VANTAGGI_ECONOMICI_%2030%209%202014.pdf&mimetype=application/pdf,http://www.comune.varese.it/si4web/common/AmvDocumentoInfo.do?MVVC=amvdocui&ID=7523&REV=28&MVPD=0&MVTD=1&MVSZ=420,"Area , Settore , Nome beneficiario , c.f./p.iva beneficiario , importo vantaggio economico , norma o titolo di attribuzione , dirigente responsabile , modalità seguita per individuazione , link a progetto , link al beneficiario",1,1,1,1,1,1,0,1,1,0
http://trasparenza.nexacenter.org/id/AttiConcessioneVenezia,http://trasparenza.nexacenter.org/id/Pdf_vettoriale,http://www.comune.venezia.it/flex/cm/pages/ServeBLOB.php/L/IT/IDPagina/71947,https://trasparenza.nexacenter.org/w/index.php/AttiConcessioneVenezia,Testo libero di determine dirigenzialo,1,0,1,0,1,0,0,0,1,1
http://trasparenza.nexacenter.org/id/AttiConcessioneVerbania,http://trasparenza.nexacenter.org/id/Csv,http://comunevercelli.amministrazioneaperta.it/tabella,,"Beneficiario, Importo, Titolo o Norma, Responsabile - Ufficio, Modalita' Assegnazione, Progetto, Contratto,",1,1,1,0,1,1,1,0,1,1
http://trasparenza.nexacenter.org/id/AttiConcessioneVerbania,http://trasparenza.nexacenter.org/id/Csv,http://comunevercelli.amministrazioneaperta.it/tabella,,"Beneficiario, Importo, Titolo o Norma, Responsabile - Ufficio, Modalita' Assegnazione, Progetto, Contratto,",1,1,1,0,1,1,1,0,1,1
http://trasparenza.nexacenter.org/id/AttiConcessioneVerbania,http://trasparenza.nexacenter.org/id/Csv,http://comunevercelli.amministrazioneaperta.it/tabella,,"Beneficiario, Importo, Titolo o Norma, Responsabile - Ufficio, Modalita' Assegnazione, Progetto, Contratto,",1,1,1,0,1,1,1,0,1,1
http://trasparenza.nexacenter.org/id/AttiConcessioneVerbania,http://trasparenza.nexacenter.org/id/Csv,http://comunevercelli.amministrazioneaperta.it/tabella,,"Beneficiario, Importo, Titolo o Norma, Responsabile - Ufficio, Modalita' Assegnazione, Progetto, Contratto,",1,1,1,0,1,1,1,0,1,1
http://trasparenza.nexacenter.org/id/AttiConcessioneVerbania,http://trasparenza.nexacenter.org/id/Csv,http://comunevercelli.amministrazioneaperta.it/tabella,,"Beneficiario, Importo, Titolo o Norma, Responsabile - Ufficio, Modalita' Assegnazione, Progetto, Contratto,",1,1,1,0,1,1,1,0,1,1
http://trasparenza.nexacenter.org/id/AttiConcessioneVercelli,http://trasparenza.nexacenter.org/id/Csv,http://comunevercelli.amministrazioneaperta.it/tabella,http://www.comune.vercelli.it/cms/it/amministrazione-trasparente/sovvenzioni-contributi-sussidi-vantaggi-economici.html?Itemid=675,"Beneficiario, Importo, Titolo o Norma, Responsabile - Ufficio, Modalita' Assegnazione, Progetto, Contratto.",1,1,1,0,1,1,1,0,1,1
http://trasparenza.nexacenter.org/id/AttiConcessioneVerona,http://trasparenza.nexacenter.org/id/Html_tabellare,http://www.comune.verona.it/nqcontent.cfm?a_id=39080,http://www.comune.verona.it/nqcontent.cfm?a_id=37960,"Nome Beneficiario , Ufficio , Importo Concesso",0,1,1,0,0,1,1,0,0,0
http://trasparenza.nexacenter.org/id/AttiConcessioneViboValentia,http://trasparenza.nexacenter.org/id/Pdf_vettoriale,http://www.gazzettaamministrativa.it/opencms/export/sites/default/_gazzetta_amministrativa/amministrazione_trasparente/_calabria/_vibo_valentia/120_sov_con_sus_van/020_att_con/2014/Documenti_1403265882870/1408525180059_sovvenzionicontributivantaggieconomi,http://www.gazzettaamministrativa.it/opencms/opencms/_gazzetta_amministrativa/amministrazione_trasparente/_calabria/_vibo_valentia/120_sov_con_sus_van/020_att_con/,"Beneficiario , C.F. , P.IVA , Importo ,  Nome o titolo a base dell'attribuzione/oggetto affidamento , Atto , Ufficio responsabile procedimento , Funzionario/dirigente , modalità seguita per l'individuazione del beneficiario , estremi progetto , estremi contratto",1,1,1,0,1,1,1,0,1,1
http://trasparenza.nexacenter.org/id/AttiConcessioneVicenza,http://trasparenza.nexacenter.org/id/Html,http://www.comune.vicenza.it/albo3/arch-contributi.php,http://www.comune.vicenza.it/albo3/contributi.php,"Data pubblicazione, Settore, Responsabile del procedimento, Proponente, Determina/e, [campo testo contentente beneficiari], Documenti allegati",1,0,1,0,0,1,1,0,1,1
http://trasparenza.nexacenter.org/id/AttiConcessioneVillacidro,http://trasparenza.nexacenter.org/id/Csv,http://hosting.soluzionipa.it/villacidro/benefici/csv.php,http://hosting.soluzionipa.it/villacidro/benefici/elenchi_csv.php,"Tipo , Beneficiario ,	Codice Fiscale , Modalita ,	Importo	, Descrizione ,	Data ,	Ufficio	Responsabile",0,1,1,0,1,1,1,0,1,1
http://trasparenza.nexacenter.org/id/AttiConcessioneViterbo,http://trasparenza.nexacenter.org/id/Csv,http://www.comune.viterbo.it/flex/Extensions/AmmApertaModule/FixedPages/ExportProvvedimenti.php/L/IT,http://www.comune.viterbo.it/flex/cm/pages/ServeBLOB.php/L/IT/IDPagina/7625,"Importo , Tit. Norma , Num. Norma , Data Provv.to ,	Beneficiario ,	C.F./P. IVA , Descrizione , Responsabile , Modalità di individuazione ,	Allegati",1,1,1,0,1,1,1,0,1,0
