"dataset","formato","URLdataset","URLsezione","tracciaRecordAttributi","UbicazionePresenzaAttributo","IndirizzoCompletoPresenzaAttributo","DatiCatastaliPresenzaAttributo","FinalitaUtilizzoPrezenza","SuperficiePresenzaAttributo","CanoneCorrispostoPresenzaAttributo","PeriodicitaCanonePresenzaAttributo","CanoneInizialePresenzaAttributo","DataStipulaContrattoPresenzaAttributo","DataScadenzaContrattoPresenzaAttributo","LocatorePresenzaAttributo","DescrizioneImmobilePresenzaAttributo","NonPubblicato","PubblicatoMale","URIdbpediaEnte"
"http://trasparenza.nexacenter.org/id/LocazioniPassiveAndria","http://trasparenza.nexacenter.org/id/Pdf_vettoriale","http://www.comune.andria.bt.it/public/tvm/65/fitti%20attivi%20e%20passivi%20anno%202013.pdf","http://www.comune.andria.bt.it/at1.asp?id1=14","Oggetto , note , competenza ,  pagato al  31/01/2014",1,0,0,0,0,1,0,0,0,0,0,0,,1,"http://it.dbpedia.org/resource/Andria"
"http://trasparenza.nexacenter.org/id/LocazioniPassiveAlessandria",,,"http://www.comune.alessandria.it/flex/cm/pages/ServeBLOB.php/L/IT/IDPagina/9624",,0,0,0,0,0,0,0,0,0,0,0,0,1,,"http://it.dbpedia.org/resource/Alessandria"
"http://trasparenza.nexacenter.org/id/LocazioniPassiveAvellino",,,"http://www.comune.avellino.it/amministrazionetrasparente/patrimonio/canoni.php",,0,0,0,0,0,0,0,0,0,0,0,0,1,,"http://it.dbpedia.org/resource/Avellino"
"http://trasparenza.nexacenter.org/id/LocazioniPassiveL-27Aquila",,,"http://trasparenza.comune.laquila.gov.it/pagina735_canoni-di-locazione-o-affitto.html",,0,0,0,0,0,0,0,0,0,0,0,0,1,,"http://it.dbpedia.org/resource/L%27Aquila"
"http://trasparenza.nexacenter.org/id/LocazioniPassiveTortol-C3-AC",,,"http://www.comuneditortoli.it/portale_comune/portale/dettagli_contenuto.asp?id_contenuto=323",,0,0,0,0,0,0,0,0,0,0,0,0,1,,"http://it.dbpedia.org/resource/Tortol%C3%AC"
"http://trasparenza.nexacenter.org/id/LocazioniPassiveAncona",,,,,0,0,0,0,0,0,0,0,0,0,0,0,1,,"http://it.dbpedia.org/resource/Ancona"
"http://trasparenza.nexacenter.org/id/LocazioniPassiveVerbania",,,"http://www.comune.verbania.it/Amministrazione/Amministrazione-Trasparente/Beni-immobili-e-gestione-patrimonio/Canoni-di-locazione-o-affitto",,0,0,0,0,0,0,0,0,0,,0,0,1,,"http://it.dbpedia.org/resource/Verbania"
"http://trasparenza.nexacenter.org/id/LocazioniPassiveCuneo",,,,,0,0,0,0,0,0,0,0,0,,0,0,1,,"http://it.dbpedia.org/resource/Cuneo"
"http://trasparenza.nexacenter.org/id/LocazioniPassiveAgrigento","http://trasparenza.nexacenter.org/id/Pdf_vettoriale","http://www.comune.agrigento.it/download/atti_on_line/anno%202013/ELENCO_FITTI_PASSIVI.pdf","http://www.comune.agrigento.it/index.php/component/content/article/228-beni-immobili-e-gestione-patrimonio/2924-canoni-di-locazione-o-affitto","Proprietario dell'immobile , Ubicazione dell'immobile , Utilizzo , Contratto di locazione , Ultimo rinnovo , Inizio locazione , Durata , scadenza , Capitolo , Canone annuo , NOTE",1,1,0,1,0,1,0,0,1,1,1,0,,,"http://it.dbpedia.org/resource/Agrigento"
"http://trasparenza.nexacenter.org/id/LocazioniPassiveAosta","http://trasparenza.nexacenter.org/id/Ods","http://trasparenza.partout.it/enti/AOSTA/gestione-patrimonio/canoni-locazione-affitto/2367-canoni-di-locazione-o-affitto","http://trasparenza.partout.it/enti/AOSTA/gestione-patrimonio/canoni-locazione-affitto/2367-canoni-di-locazione-o-affitto","Denominazione, Indirizzo,  Tipologia, Titolo di proprietà/possesso, Canone di locazione/affitto (annuo), Locatore/locatario, Periodo: Dal, Periodo: Al",1,1,0,1,0,1,1,0,1,1,1,0,,,"http://it.dbpedia.org/resource/Aosta"
"http://trasparenza.nexacenter.org/id/LocazioniPassiveArezzo","http://trasparenza.nexacenter.org/id/Pdf_vettoriale","http://www.comune.arezzo.it/il-comune/direzione-generale/ufficio-patrimonio/trasparenza/immobili-in-locazione/files/elenco-immobili.pdf","http://www.comune.arezzo.it/il-comune/direzione-generale/ufficio-patrimonio/trasparenza/immobili-in-locazione","Tipo di Immobile e Ubicazione , Finalità di Utilizzo , Dimensioni , Canone annuo",1,1,0,1,1,1,1,0,0,0,0,1,,,"http://it.dbpedia.org/resource/Arezzo"
"http://trasparenza.nexacenter.org/id/LocazioniPassiveAscoliPiceno","http://trasparenza.nexacenter.org/id/Ods","http://www.comuneap.gov.it/flex/cm/pages/ServeAttachment.php/L/IT/D/3%252F8%252F6%252FD.087c8e6170b74b095a0b/P/BLOB%3AID%3D5830","http://www.comuneap.gov.it/flex/cm/pages/ServeBLOB.php/L/IT/IDPagina/5830","immobile , ubicazione , proprietario , destinazione , canone affitto",1,0,0,1,0,1,0,0,0,0,1,1,,,"http://it.dbpedia.org/resource/Ascoli_Piceno"
"http://trasparenza.nexacenter.org/id/LocazioniPassiveAsti","http://trasparenza.nexacenter.org/id/Pdf_vettoriale","http://asti.etrasparenza.it/archiviofile/asti/archivio_file/beni-immobili/costi_locazione-trasparenza-anno_2012.pdf","http://asti.etrasparenza.it/pagina735_canoni-di-locazione-o-affitto.html","finalità di utilizzo, ubicazione, dimensioni, canone iniziale, canone corrisposto anno 2012",1,0,0,1,1,1,0,1,0,0,0,0,,,"http://it.dbpedia.org/resource/Asti"
"http://trasparenza.nexacenter.org/id/LocazioniPassiveBari","http://trasparenza.nexacenter.org/id/Pdf_vettoriale","http://www.comune.bari.it/portal/pls/portal/docs/1/696840.PDF","http://www.comune.bari.it/portal/page/portal/bari/comune/amministrazioneTrasparente/beniImmobiliEGestionePatrimonio","N., PROPRIETARIO, IMMOBILE SITO IN, DESTINAZIONE, CANONE MENSILE AL LORDO DI EVENTUALE IVA",1,1,0,1,0,1,0,0,0,0,0,0,,,"http://it.dbpedia.org/resource/Bari"
"http://trasparenza.nexacenter.org/id/LocazioniPassiveBarletta","http://trasparenza.nexacenter.org/id/Pdf_vettoriale","http://www.comune.barletta.ba.it/retecivica/ammtrasp/file/FITTI%20ATTIVI%20E%20PASSIVI%2025%2010%202013.pdf.p7m","http://www.comune.barletta.ba.it/retecivica/ammtrasp/14.2.canoni.html","Immobili , Ubicazione , Destinazione , Canone",1,1,0,1,0,1,0,0,0,0,0,1,,,"http://it.dbpedia.org/resource/Barletta"
"http://trasparenza.nexacenter.org/id/LocazioniPassiveBelluno","http://trasparenza.nexacenter.org/id/Html_tabellare","http://cdn1.regione.veneto.it/alfstreaming-servlet/streamer/resourceId/d8ac5098-eccd-490f-b17d-ca6aea7c27a8/canoni_locazione_affitto","http://www.comune.belluno.it/web/belluno/area-istituzionale/amministrazione-trasparente?p_p_id=ALFRESCO_MYPORTAL_CONTENT_PROXY_WAR_myportalportlet_INSTANCE_Yl0I&p_p_lifecycle=1&p_p_state=normal&p_p_mode=view&p_p_col_id=column-3&p_p_col_count=1&template=/r","Immobile , Foglio , Mappale , Sub , Canone Percepito , Canone Versato",1,0,1,0,0,1,0,0,0,0,0,1,,,"http://it.dbpedia.org/resource/Belluno"
"http://trasparenza.nexacenter.org/id/LocazioniPassiveBenevento","http://trasparenza.nexacenter.org/id/Pdf_vettoriale","http://www.comune.benevento.it/bn2_pagine/trasparenza/14Beni%20immobili/FITTI_PASSIVI.2014.pdf","http://www.comune.benevento.it/bn2_pagine/trasparenza/14Beni%20immobili/fitti_passivi.php","Proprietario immobile, Ubicazione, Contratto e Scadenza, Scadenza Contratto, Canone annuale",1,0,0,0,0,1,1,0,0,1,1,0,,,"http://it.dbpedia.org/resource/Benevento"
"http://trasparenza.nexacenter.org/id/LocazioniPassiveBergamo","http://trasparenza.nexacenter.org/id/Xls","http://www.comune.bergamo.it/servizi/gestionedocumentale/visualizzadocumento.aspx?ID=24258","http://www.comune.bergamo.it/servizi/menu/dinamica.aspx?idArea=41291&idCat=41291&ID=41291","Descrizione , Soggetto , Indirizzo , Canone in Euro",1,1,0,0,0,1,0,0,0,0,1,0,,,"http://it.dbpedia.org/resource/Bergamo"
"http://trasparenza.nexacenter.org/id/LocazioniPassiveBiella","http://trasparenza.nexacenter.org/id/Pdf_vettoriale","http://www.comune.biella.it/sito/file/biellaonline/amministrazione-trasparente/locazioni-passive-2012.pdf","http://www.comune.biella.it/sito/index.php?canoni-di-locazione-e-affitto","Ubicazione, Finalità, Superficie, Canone anno 2012, Contratto data, Locatore",1,1,0,1,1,1,0,0,0,0,1,0,,,"http://it.dbpedia.org/resource/Biella"
"http://trasparenza.nexacenter.org/id/LocazioniPassiveNovara","http://trasparenza.nexacenter.org/id/Csv","http://www.comune.novara.it/comune/trasparenza/amministrazioneTrasparente/csv/locazioniPassive2013.csv","http://www.comune.novara.it/comune/trasparenza/amministrazioneTrasparente/beniImmobili/canoniLocazione.php","proprietario, oggetto locazione, identificaz. immobile, scadenza, canone annuo (€)",0,0,1,0,1,1,1,0,0,1,1,0,,,"http://it.dbpedia.org/resource/Novara"
"http://trasparenza.nexacenter.org/id/LocazioniPassiveRoma","http://trasparenza.nexacenter.org/id/Pdf_raster","http://www.comune.roma.it/PCR/resources/cms/documents/AFFITTI_PASSIVI_ERP_04_12_2013.pdf","http://www.comune.roma.it/wps/portal/pcr?jp_pagecode=dip_imm_can_loc.wp&ahew=jp_pagecode","Locatore, Locazione, Contratto, decorenza, scadenza, Appartamento n, Locali, Totale annuo",1,1,0,0,1,1,1,0,1,1,1,0,,,"http://it.dbpedia.org/resource/Roma"
"http://trasparenza.nexacenter.org/id/LocazioniPassiveVercelli","http://trasparenza.nexacenter.org/id/Pdf_vettoriale","http://www.comune.vercelli.it/cms/it/documenti-scaricabili/fitti-passivi-anno-2012/download.html","http://www.comune.vercelli.it/cms/it/amministrazione-trasparente/beni-immobili-e-gestione-patrimonio.html?Itemid=677","immobile,proprieta’,indirizzo finalita’/utilizzo, superfici, contratto, scadenza importo",1,1,0,1,1,1,1,0,0,1,1,1,,,"http://it.dbpedia.org/resource/Vercelli"
"http://trasparenza.nexacenter.org/id/LocazioniPassivePrato","http://trasparenza.nexacenter.org/id/Ods","http://www.comune.prato.it/trasparenza/immobili-patrimonio/canoni-locazione/ods/fitti-passivi2014.ods","http://www.comune.prato.it/trasparenza/immobili-patrimonio/canoni-locazione/home.htm","Contratto Repertorio , Data Contratto , Atti Aggiuntivi , Note , Scadenza Contratto , 	Locatore , Destinazione d'uso , Indirizzo , Metri Quadri , Canone 2014",1,1,0,1,1,1,0,0,1,1,1,0,,,"http://it.dbpedia.org/resource/Prato"
"http://trasparenza.nexacenter.org/id/LocazioniPassiveRagusa","http://trasparenza.nexacenter.org/id/Pdf_vettoriale","http://www.comune.ragusa.gov.it/amministrazione/_allegati/_beni_immobili/locaz_passive2014.pdf","http://www.comune.ragusa.gov.it/amministrazione/beni_immobili.html","Determine , Ubicazione , Proprietario , Destinazione , Contratto , mq. , dati catastali , canone annuo , scadenza , spese",1,0,1,1,1,1,1,0,1,1,1,0,,,"http://it.dbpedia.org/resource/Ragusa"
"http://trasparenza.nexacenter.org/id/LocazioniPassiveRavenna","http://trasparenza.nexacenter.org/id/Pdf_vettoriale","http://www.comune.ra.it/content/download/415413/4863023/file/tabella_affitti_passivi.pdf","http://www.comune.ra.it/Amministrazione-Trasparente/Beni-immobili-e-gestione-patrimonio/Canoni-di-locazione-o-affitto","PROPRIETARIO , FINALITA' DI UTILIZZO , UBICAZIONE  , CANONE ANNO 2012 , DIMENSIONI",1,1,0,1,1,1,0,0,0,0,1,0,,,"http://it.dbpedia.org/resource/Ravenna"
"http://trasparenza.nexacenter.org/id/LocazioniPassiveReggioCalabria","http://trasparenza.nexacenter.org/id/Xls","http://www.reggiocal.it/on-line/Home/AreeTematiche/AmministrazioneTrasparente/Beniimmobiliegestionepatrimonio/documento109343.html","http://www.reggiocal.it/on-line/Home/AreeTematiche/AmministrazioneTrasparente/Beniimmobiliegestionepatrimonio/Canonidilocazioneeaffitto.html","Locatore , Ubicazione , Descrizione , Superficie locata , Importo Annuale",1,1,0,0,1,1,0,0,0,0,1,1,,,"http://it.dbpedia.org/resource/Reggio_Calabria"
"http://trasparenza.nexacenter.org/id/LocazioniPassiveReggionell-27Emilia","http://trasparenza.nexacenter.org/id/Pdf_vettoriale","http://www.municipio.re.it/retecivica/urp/retecivi.nsf/PESIdDoc/54C57BE089699786C1257A30003A69F2/%24file/Elenco%20Contratti%20passivi%202014.pdf","http://www.municipio.re.it/retecivica/urp/retecivi.nsf/PESDocumentID/54C57BE089699786C1257A30003A69F2?opendocument&FROM=Rchstdccssglttdcmnt","Natura giuridica contratto , descrizione dell'immobile , superficie mq. , canone annuo 2014 , annotazioni",1,1,0,0,1,1,0,0,0,0,0,1,,,"http://it.dbpedia.org/resource/Reggio_nell%27Emilia"
"http://trasparenza.nexacenter.org/id/LocazioniPassiveRieti","http://trasparenza.nexacenter.org/id/Pdf_vettoriale","http://93.57.94.158:8080/dms/werwer/beni-immobili-e-gestione-patrimonio/canoni-di-locazione-o-affitto/fitti_passivi_2013.pdf","http://93.57.94.158:8080/home/amministrazione-trasparente/beni-immobili-e-gestione-patrimonio/canoni-di-locazione-o-affitto.html","Locatore , Destinazione , Indirizzo , Importo Annuo",1,1,0,1,0,1,1,0,0,0,1,1,,,"http://it.dbpedia.org/resource/Rieti"
"http://trasparenza.nexacenter.org/id/LocazioniPassiveRimini","http://trasparenza.nexacenter.org/id/Pdf_vettoriale","http://www.comune.rimini.it/binary/comune_rimini/canoni_locazione/elenco_canoni_locazione_passivi.1379600817.pdf","http://www.comune.rimini.it/servizi/amministrazione_trasparente/gestione_patrimonio/canoni_locazione/","PROPRIETÀ IMMOBILE , LOCALIZZAZIONE IMMOBILE , INDIVIDUAZIONE CATASTALE , SUPERFICIE MQ. , DESTINAZIONE , SCADENZA , CANONE DI LOCAZIONE",1,0,1,1,1,1,0,0,0,0,0,0,,,"http://it.dbpedia.org/resource/Rimini"
"http://trasparenza.nexacenter.org/id/LocazioniPassiveTorino","http://trasparenza.nexacenter.org/id/Csv","http://www.comune.torino.it/amministrazionetrasparente/bm~doc/affitti_passivi_gen2014.csv","http://www.comune.torino.it/amministrazionetrasparente/beni-immobili/canoni/index.shtml","indirizzo, metri quadrati, finalità, canone annuale al lordo di istat",1,1,0,1,1,1,1,0,0,,0,0,,,"http://it.dbpedia.org/resource/Torino"
"http://trasparenza.nexacenter.org/id/LocazioniPassiveFrosinone",,,"http://trasparenza.comune.frosinone.it/pagina735_canoni-di-locazione-o-affitto.html",,0,0,0,0,0,0,0,0,0,0,0,0,1,,"http://it.dbpedia.org/resource/Frosinone"
"http://trasparenza.nexacenter.org/id/LocazioniPassiveIglesias",,,"http://www.comune.iglesias.ca.it/it/230/amministrazione-trasparente/826.825/canoni-di-locazione-o-affitto.html",,0,0,0,0,0,0,0,0,0,0,0,0,1,,"http://it.dbpedia.org/resource/Iglesias_%28Italia%29"
"http://trasparenza.nexacenter.org/id/LocazioniPassiveIsernia",,,"http://egov.hseweb.it/isernia/zf/index.php/trasparenza/index/index/categoria/123",,0,0,0,0,0,0,0,0,0,0,0,0,1,,"http://it.dbpedia.org/resource/Isernia"
"http://trasparenza.nexacenter.org/id/LocazioniPassiveRovigo","http://trasparenza.nexacenter.org/id/Html_tabellare","http://www.comune.rovigo.it/portal/page/portal/PG_PORTALE_METROPOLITANO/AB_COMUNEASSET1/PG_BACHECA/Amministrazione%20trasparente/Beni%20immobili%20e%20gestione%20patrimonio/Canoni%20di%20locazione%20o%20affitto","http://www.comune.rovigo.it/portal/page/portal/PG_PORTALE_METROPOLITANO/AB_COMUNEASSET1/PG_BACHECA/Amministrazione%20trasparente/Beni%20immobili%20e%20gestione%20patrimonio","Contratto Rep N , Contratto Data Stipula , Oggetto , Durata contratto , Canone locazione percepito , Canone locazione versato",1,1,0,1,0,1,1,0,1,1,1,1,,,"http://it.dbpedia.org/resource/Rovigo"
"http://trasparenza.nexacenter.org/id/LocazioniPassiveSalerno","http://trasparenza.nexacenter.org/id/Xls","http://www.comune.salerno.it/allegati/20517.xls","http://www.comune.salerno.it/client/scheda.aspx?scheda=5426&stile=4&ti=1","Indirizzo , Ubicazione , Dati Catastali ,	Contratto N. ,	Canone annuo ,	Note",1,1,0,0,0,1,0,0,1,0,1,0,,,"http://it.dbpedia.org/resource/Salerno"
"http://trasparenza.nexacenter.org/id/LocazioniPassiveGenova","http://trasparenza.nexacenter.org/id/Doc","http://www.comune.genova.it/sites/default/files/dettaglio2013.doc","http://www.comune.genova.it/content/fitti-passivi-2013","UBICAZIONE, DESTINAZIONE, LOCATORE, CANONE ANNUO  ED ACCONTO SPESE",1,1,0,1,1,1,1,0,0,0,1,0,,,"http://it.dbpedia.org/resource/Genova"
"http://trasparenza.nexacenter.org/id/LocazioniPassiveGiuglianoinCampania","http://trasparenza.nexacenter.org/id/Pdf_vettoriale","http://www.comune.giugliano.na.it/allegati/3672fitti_passivi_Canoni_di_locazione_o_di_affitto_versati__D.L.-2013.pdf","http://www.comune.giugliano.na.it/index.php?param=z&tipo=750&sottomenu=147&ufficio=385&serv=793","Intervento , Canoni Di Locazione o Di Affitto Versati al 31/12/2013 , Note",1,1,0,1,0,1,0,0,1,0,0,0,,,"http://it.dbpedia.org/resource/Giugliano_in_Campania"
"http://trasparenza.nexacenter.org/id/LocazioniPassiveGorizia","http://trasparenza.nexacenter.org/id/Pdf_vettoriale","http://www3.comune.gorizia.it/sites/default/files/CANONI%20DI%20LOCAZIONE%20PASSIVI.pdf","http://www3.comune.gorizia.it/it/beni-immobili-e-gestione-patrimonio","Motivo , Ditta , Canone mensile",0,0,0,1,0,1,0,0,0,0,1,0,,,"http://it.dbpedia.org/resource/Gorizia"
"http://trasparenza.nexacenter.org/id/LocazioniPassiveGrosseto","http://trasparenza.nexacenter.org/id/Ods","http://web.comune.grosseto.it/comune//fileadmin/user_upload/trasparenza/ELENCO-FITTI-PASSIVI-2013.ods","http://web.comune.grosseto.it/comune//index.php?id=4018","UBICAZIONE ,	ATTO ,	DATA stipula , IMPORTO ,  Destinazione da contratto",1,1,0,1,0,1,1,0,1,0,0,0,,,"http://it.dbpedia.org/resource/Grosseto"
"http://trasparenza.nexacenter.org/id/LocazioniPassiveImperia","http://trasparenza.nexacenter.org/id/Pdf_vettoriale","http://www.comune.imperia.it/im/sites/default/files/trasparenza%20al%2031-12-2013%20canoni%20attivi%20e%20passivi%20esercizio%202013.pdf","http://www.comune.imperia.it/im/node/31","Locatore , N. contratto , Data di stipula , Data decorrenza , Data di scadenza , Descrizione della locazione ,  Tipologia di remunerazione , Ammontare , Anno di pagamento , Canone periodico iniziale stabilito in contratto , Numero di anni per cui è corrisposto il Canone periodico",1,0,0,0,0,0,1,1,1,1,1,1,,,"http://it.dbpedia.org/resource/Imperia"
"http://trasparenza.nexacenter.org/id/LocazioniPassivePescara",,,"http://www.comune.pescara.it/internet/index.php?navBackPage=747&codice=77#canoni_di_locazione_e_affitto",,0,0,0,0,0,0,0,0,0,0,0,0,1,,"http://it.dbpedia.org/resource/Pescara"
"http://trasparenza.nexacenter.org/id/LocazioniPassiveSondrio",,,"http://www.comune.sondrio.it/site/home/aree-tematiche/amministrazione-trasparente/beni-immobili-e-gestione-patrimonio/canoni-di-locazione-o-affitto.html",,0,0,0,0,0,0,0,0,0,0,0,0,1,,"http://it.dbpedia.org/resource/Sondrio"
"http://trasparenza.nexacenter.org/id/LocazioniPassiveBolzano",,,"http://www.comune.bolzano.it/context.jsp?ID_LINK=4342&area=154",,0,0,0,0,0,0,0,0,0,0,0,0,1,,"http://it.dbpedia.org/resource/Bolzano"
"http://trasparenza.nexacenter.org/id/LocazioniPassiveViterbo","http://trasparenza.nexacenter.org/id/Pdf_vettoriale","http://www.comune.viterbo.it/flex/cm/pages/ServeAttachment.php/L/IT/D/9%252F5%252Fb%252FD.de0fc481913497d38777/P/BLOB%3AID%3D7444","http://www.comune.viterbo.it/flex/cm/pages/ServeBLOB.php/L/IT/IDPagina/7444","Fornitore , Locale , Importo canone annuale espresso in euro iva esclusa , durata contratto , Contratto n. , Utilizzo immobile",1,0,0,1,0,1,1,0,1,1,1,0,,,"http://it.dbpedia.org/resource/Viterbo"
"http://trasparenza.nexacenter.org/id/LocazioniPassiveOristano","http://trasparenza.nexacenter.org/id/Pdf_vettoriale","http://www.comune.oristano.it/.galleries/doc-amministrazione_trasparente/elenco_locazioni_passive_2014.pdf","http://www.comune.oristano.it/it/amministrazione-trasparente/beni-immobili-e-gestione-patrimonio/canoni-di-locazione-o-affitto/","Utilizzo locali , Contraente , Data stipula e n. repertorio , Scadenza , Canone annuale , Canone mensile",1,0,0,1,0,1,1,0,1,1,1,0,,,"http://it.dbpedia.org/resource/Oristano"
"http://trasparenza.nexacenter.org/id/LocazioniPassivePadova","http://trasparenza.nexacenter.org/id/Csv","https://serviziweb4.comune.padova.it/pentaho/content/reporting/reportviewer/report.html?solution=Trasparenza&path=%2FReport&name=rpt_canoni_csv.prpt&userid=trasparenza&password=trasparenza&locale=it_IT","http://www.padovanet.it/dettaglio.jsp?tasstipo=S&tassid=2459&id=17630#.VDOy6K2KhoA","Settore , Atto , Numero Atto , Data atto , Responsabile , Oggetto , Canone percepito , Canone versato",0,0,0,1,0,1,0,0,0,0,0,0,,,"http://it.dbpedia.org/resource/Padova"
"http://trasparenza.nexacenter.org/id/LocazioniPassivePalermo","http://trasparenza.nexacenter.org/id/Pdf_vettoriale","http://www.comune.palermo.it/js/server/uploads/trasparenza_all/_07052014193333.pdf","http://www.comune.palermo.it/amministrazione_trasparente.php?sel=14","numero, uso, ubicazione, canone annuo",1,1,0,1,0,1,1,0,0,0,0,0,,,"http://it.dbpedia.org/resource/Palermo"
"http://trasparenza.nexacenter.org/id/LocazioniPassiveParma","http://trasparenza.nexacenter.org/id/Xls","http://www.comune.parma.it/comune/Handlers/Document.ashx?ID=8dfb03c2-67bb-42f9-9a51-88fd082febb5&tipo=ord","http://www.comune.parma.it/comune/Amministrazione-Trasparente_Beni-immobili-e-gestione-patrimonio/Canoni-di-locazione-o-affitto_m74.aspx","LOCATORE , LOCATARIO , durata contratto di locazione , CANONE DI LOCAZIONE ANNUO , CANONE corrisposto anno 2013 ,	UBICAZIONE IMMOBILE , FINALITA' DI UTILIZZO , DIMENSIONI",1,1,0,1,1,1,1,0,1,1,1,0,,,"http://it.dbpedia.org/resource/Parma"
"http://trasparenza.nexacenter.org/id/LocazioniPassivePavia","http://trasparenza.nexacenter.org/id/Doc","http://www.comune.pv.it/site/home/il-comune/amministrazione-trasparente/beni-immobili-e-gestione-patrimonio/documento13250.html","http://www.comune.pv.it/site/home/il-comune/amministrazione-trasparente/beni-immobili-e-gestione-patrimonio/docCatpatrimonio-immobiliare.2208.1.20.1.1.html","n.°rif. interno , Oggetto concessione , proprietà , Canone annuo , Canone pagato , note",1,0,0,0,0,1,0,0,0,0,0,0,,,"http://it.dbpedia.org/resource/Pavia"
"http://trasparenza.nexacenter.org/id/LocazioniPassivePerugia","http://trasparenza.nexacenter.org/id/Csv","http://www.comune.perugia.it/Resources/trasparenza/BeniImmobiliGestionePatrimonio/LocazioniAffittiVersati.csv","http://www.comune.perugia.it/pagine/canoni-di-locazione-o-affitto","destinazione d'uso, ubicazione del fabbricato, canoni 2013",1,1,0,1,0,1,1,0,0,0,0,0,,,"http://it.dbpedia.org/resource/Perugia"
"http://trasparenza.nexacenter.org/id/LocazioniPassivePesaro","http://trasparenza.nexacenter.org/id/Xls","http://www.comune.pesaro.pu.it/fileadmin/user_upload/ALLEGATI2007/AMMINISTRAZIONE_TRASPARENTE/PATRIMONIO/2014_07_22_FITTI_PASSIVI.xls","http://www.comune.pesaro.pu.it/index.php?id=15035","PROPRIETARIO , CONTRATTO , UBICAZIONE IMMOBILE , UTILIZZO , CANONE +IVA",1,0,0,1,0,1,0,0,1,1,1,0,,,"http://it.dbpedia.org/resource/Pesaro"
"http://trasparenza.nexacenter.org/id/LocazioniPassiveSassari","http://trasparenza.nexacenter.org/id/Pdf_vettoriale","http://www.comune.sassari.it/comune/amministrazione_trasparente/beni_immobili_patrimonio/incassi_patrimonio_disp.pdf","http://www.comune.sassari.it/comune/amministrazione_trasparente/beni_immobili_patrimonio/canoni_locazione.htm","Incassi , Importo",0,0,0,0,0,1,0,0,0,0,0,1,,,"http://it.dbpedia.org/resource/Sassari"
"http://trasparenza.nexacenter.org/id/LocazioniPassiveSavona","http://trasparenza.nexacenter.org/id/Pdf_vettoriale","http://cityportal.comune.savona.it:8087/cityportal/publicArea/FileSystemExplorer.jsf?baseDirId=3&directory=BeniMobilieGestionePatrimonio/CanonieAffitti","http://cityportal.comune.savona.it:8087/cityportal/publicArea/FileSystemExplorer.jsf?baseDirId=3&directory=BeniMobilieGestionePatrimonio/CanonieAffitti","Locatore , Finalità , Ubicazione ,  Dimensione Indicativa mq , Canone annuo , IVA , Canone annuo totale 2013",1,0,0,1,1,1,1,0,0,0,1,0,,,"http://it.dbpedia.org/resource/Savona"
"http://trasparenza.nexacenter.org/id/LocazioniPassiveSiena","http://trasparenza.nexacenter.org/id/Xls","http://www.comune.siena.it/content/download/25440/350197/file/trasparenza%20fitti%20passivi.xls","http://www.comune.siena.it/Il-Comune/Amministrazione-Trasparente/Beni-immobili-e-gestione-patrimonio/Canoni-di-locazione-o-affitto","DESTINAZIONE , UBICAZIONE  , CANONE 2014",1,1,0,1,0,1,0,0,0,0,0,1,,,"http://it.dbpedia.org/resource/Siena"
"http://trasparenza.nexacenter.org/id/LocazioniPassiveSiracusa","http://trasparenza.nexacenter.org/id/Pdf_vettoriale","http://www.gazzettaamministrativa.it/opencms/export/sites/default/_gazzetta_amministrativa/amministrazione_trasparente/_sicilia/_siracusa/140_ben_imm_ges_pat/020_can_loc_aff/2014/Documenti_1392130901248/1392130903063_elenco_locazioni.pdf","http://www.gazzettaamministrativa.it/opencms/opencms/_gazzetta_amministrativa/amministrazione_trasparente/_sicilia/_siracusa/140_ben_imm_ges_pat/020_can_loc_aff/","Proprietario , Destinazione , Canone Annuo , Scadenza",0,0,0,1,0,1,1,0,0,1,1,0,,,"http://it.dbpedia.org/resource/Siracusa"
"http://trasparenza.nexacenter.org/id/LocazioniPassiveBologna","http://trasparenza.nexacenter.org/id/Pdf_vettoriale","http://www.comune.bologna.it/media/files/passivi.pdf","http://www.comune.bologna.it/trasparenza/contenuti/161:19989/","N° Contratto sap, Canone annuale (compresa iva se dovuta), Indirizzo immobile, Proprietà, Decorrenza, Scadenza, Descrizione centro di costo",1,1,0,0,0,1,1,0,1,1,1,1,,,"http://it.dbpedia.org/resource/Bologna"
"http://trasparenza.nexacenter.org/id/LocazioniPassiveCampobasso","http://trasparenza.nexacenter.org/id/Pdf_raster","http://www.comune.campobasso.it/images/canoni%20locaz.percepiti%20e%20versati%202012.pdf","http://www.comune.campobasso.it/sa/sa_p_testo.php?x=&idservizio=10086&idtesto=344&idfoto=&&nodo=nodo13",,0,0,0,0,0,1,0,0,0,0,0,0,,1,"http://it.dbpedia.org/resource/Campobasso"
"http://trasparenza.nexacenter.org/id/LocazioniPassiveCagliari",,,"http://www.comune.cagliari.it/portale/it/trasparenza_beni_immobili.page",,0,0,0,0,0,0,0,0,0,0,0,0,1,,"http://it.dbpedia.org/resource/Cagliari"
"http://trasparenza.nexacenter.org/id/LocazioniPassiveCaltanissetta",,,"http://www.comune.caltanissetta.it/_applicazioni/ammaperta/frontoffice/documenti.aspx?44",,0,0,0,0,0,0,0,0,0,0,0,0,1,,"http://it.dbpedia.org/resource/Caltanissetta"
"http://trasparenza.nexacenter.org/id/LocazioniPassiveCarbonia",,,"http://www.comune.carbonia.ci.it/urbiportal/content/it_IT/6004.html",,0,0,0,0,0,0,0,0,0,0,0,0,1,,"http://it.dbpedia.org/resource/Carbonia"
"http://trasparenza.nexacenter.org/id/LocazioniPassiveMantova",,,"http://www.comune.mantova.gov.it/index.php/home/area-documentale/category/289-canoni-di-locazione-o-affitto",,0,0,0,0,0,0,0,0,0,0,0,0,1,,"http://it.dbpedia.org/resource/Mantova"
"http://trasparenza.nexacenter.org/id/LocazioniPassiveBrescia","http://trasparenza.nexacenter.org/id/Pdf_vettoriale","http://www.comune.brescia.it/trasparenza/immobiliepatrimonio/canonieaffitti/Documents/Affittanze%20passive%20del%20Comune%20anno%202013.pdf","http://www.comune.brescia.it/trasparenza/immobiliepatrimonio/canonieaffitti/Pagine/Servizio-patrimonio-ed-inventari.aspx","SERVIZIO E UBICAZIONE, CANONI PAGATI 2013",1,1,0,0,0,1,1,0,0,0,0,0,,,"http://it.dbpedia.org/resource/Brescia"
"http://trasparenza.nexacenter.org/id/LocazioniPassiveLaSpezia","http://trasparenza.nexacenter.org/id/Pdf_vettoriale","http://www.spezianet.it/export/sites/SPEZIAnet/ilcomune/trasparenza/documenti/LOCAZIONI_2014.pdf","http://www.spezianet.it/ilcomune/trasparenza/Beni_immobili_e_gestione_patrimonio.html","Finalità di utilizzo , sede , dimensioni , canone anno 2013",1,1,0,1,0,1,0,0,0,0,0,0,,,"http://it.dbpedia.org/resource/La_Spezia"
"http://trasparenza.nexacenter.org/id/LocazioniPassiveLatina","http://trasparenza.nexacenter.org/id/Pdf_vettoriale","http://www.comune.latina.it/a-10821/canoni-di-locazione-e-affitto/approvazione-piano-di-ricognizione-e-nuova-ubicazione-degli-uffici-e-dei-servizi-ai-sensi-dellart-3-comma-9-del-dl-95-del-06-luglio-2012","http://www.comune.latina.it/c-876/beni-immobili-e-gestione-patrimonio","Servizi, Superficie, Piena Proprieta', Locazione Passiva, mq, ubicazione",1,1,0,1,1,0,0,0,0,0,0,1,,,"http://it.dbpedia.org/resource/Latina"
"http://trasparenza.nexacenter.org/id/LocazioniPassiveLecce","http://trasparenza.nexacenter.org/id/Pdf_vettoriale","http://www.comune.lecce.it/docs/amministrazione-trasparente/prospetto-fitti-al-01-01-2014.pdf","http://www.comune.lecce.it/comune/amministrazione-trasparente/beni-immobili-e-gestione-patrimonio/canoni-di-locazione-o-affitto","Proprietà , Contratto numero , Durata contratto , Ubicazione , Canone previsto contrattualmente , Destinazione",1,0,0,1,0,1,0,0,1,1,1,0,,,"http://it.dbpedia.org/resource/Lecce"
"http://trasparenza.nexacenter.org/id/LocazioniPassiveLecco","http://trasparenza.nexacenter.org/id/Csv","http://www.comune.lecco.it/resources/pagina/N142542ab7b1d9118353/N142542ab7b1d9118353/Elenco_locazioni_passive_agg.to2014.csv","http://www.comune.lecco.it/pagina.jhtml?param1_1=N142542ab7b1d9118353","Tipologia , Locatore , Ubicazione , Estremi del provvedimento , Scadenza del provvedimento , Canone , Attuale destinazione",1,0,0,1,0,1,0,0,1,1,1,0,,,"http://it.dbpedia.org/resource/Lecco"
"http://trasparenza.nexacenter.org/id/LocazioniPassiveLivorno","http://trasparenza.nexacenter.org/id/Pdf_vettoriale","http://www.comune.livorno.it/_livo/uploads/2014_08_6_14_18_44.pdf","http://www.comune.livorno.it/_livo/it/default/10123/Canoni-di-locazione-e-affitto.html","Indirizzo immobile (Via) , Finalità di Utilizzo , Canone annuo (iva compresa se dovuta) impegnato in bilancio , Dimensioni (mq)",1,1,0,1,1,1,1,0,0,0,0,0,,,"http://it.dbpedia.org/resource/Livorno"
"http://trasparenza.nexacenter.org/id/LocazioniPassiveLodi","http://trasparenza.nexacenter.org/id/Pdf_vettoriale","http://lodi.e-pal.it/L190/sezione/download/8551?sort=&idSezione=70","http://lodi.e-pal.it/L190/sezione/lista?sort=&idSezione=70","Contratto , Codice Inquilino , Codice UI , Dovuto , Versato , Stato conservazione , Categoria Catastale , Vani convenzionali , Vani analitici , Sup Utile , Subalterno , Rendita Catastale",0,0,1,1,1,1,0,0,0,0,0,0,,,"http://it.dbpedia.org/resource/Lodi"
"http://trasparenza.nexacenter.org/id/LocazioniPassiveLucca","http://trasparenza.nexacenter.org/id/Ods","http://www.comune.lucca.it/flex/cm/pages/ServeAttachment.php/L/IT/D/c%252F1%252Fa%252FD.f9180355f402f9f7a335/P/BLOB%3AID%3D11739","http://www.comune.lucca.it/flex/cm/pages/ServeBLOB.php/L/IT/IDPagina/11739","PROPRIETA' IMMOBILE ,	CONTRAENTE	IMMOBILE ,	TIPO ATTO ,	DECORRENZA	, SCADENZA ,	CANONE MENSILE , 	CANONE ANNUO ,  MQ. , 	NOTE",1,0,0,0,0,1,1,0,1,1,1,0,,,"http://it.dbpedia.org/resource/Lucca"
"http://trasparenza.nexacenter.org/id/LocazioniPassiveMacerata","http://trasparenza.nexacenter.org/id/Odt","http://www.comune.macerata.it/Engine/RAServeFile.php/f/Articolo30-20140731.odt","http://www.comune.macerata.it/Engine/RAServePG.php/P/179131CMC0207","Scheda immobile , Identificativo Immobile , Proprietario , importo",1,1,0,0,0,1,0,0,0,0,1,0,,,"http://it.dbpedia.org/resource/Macerata"
"http://trasparenza.nexacenter.org/id/LocazioniPassiveBrindisi","http://trasparenza.nexacenter.org/id/Pdf_raster","http://www.comune.brindisi.it/web/images/documenti/amministrazionetrasparente/patrimonio/elenco_locazioni_concessioni_attive_e_passive.pdf","http://www.comune.brindisi.it/web/beni-immobili-e-gestione-patrimonio/canoni-di-locazione-o-affitto.html",,1,0,0,1,0,1,1,0,0,0,0,1,,,"http://it.dbpedia.org/resource/Brindisi"
"http://trasparenza.nexacenter.org/id/LocazioniPassiveMatera",,,"http://www.comune.matera.it/it/beni-immobili-e-gestione-patrimonio/canoni-di-locazione-o-affitto",,0,0,0,0,0,0,0,0,0,0,0,0,1,,"http://it.dbpedia.org/resource/Matera"
"http://trasparenza.nexacenter.org/id/LocazioniPassiveMessina",,,"http://www.comune.messina.it/amministrazione-trasparente/beni-immobili-e-gestione-del-patrimonio/canoni-di-locazione-o-affitto.aspx",,0,0,0,0,0,0,0,0,0,0,0,0,1,,"http://it.dbpedia.org/resource/Messina"
"http://trasparenza.nexacenter.org/id/LocazioniPassiveVicenza",,,"http://www.comune.vicenza.it/amministrazione/trasparente/beniimmobili.php",,0,0,0,0,0,0,0,0,0,0,0,0,1,,"http://it.dbpedia.org/resource/Vicenza"
"http://trasparenza.nexacenter.org/id/LocazioniPassiveComo",,,"http://www.comune.como.it/amministrazione-trasparente/beni-immobili-e-gestione-patrimonio/patrimonio-immobiliare/",,0,0,0,0,0,0,0,0,0,0,0,0,1,,"http://it.dbpedia.org/resource/Como"
"http://trasparenza.nexacenter.org/id/LocazioniPassiveCosenza",,,"http://cosenza.etrasparenza.it/pagina735_canoni-di-locazione-o-affitto.html",,0,0,0,0,0,0,0,0,0,0,0,0,1,,"http://it.dbpedia.org/resource/Cosenza"
"http://trasparenza.nexacenter.org/id/LocazioniPassiveCrotone",,,"http://www.contrasparenza.it/id16-arg82-Canoni-di-locazione-e-affitto",,0,0,0,0,0,0,0,0,0,0,0,0,1,,"http://it.dbpedia.org/resource/Crotone"
"http://trasparenza.nexacenter.org/id/LocazioniPassiveMassa","http://trasparenza.nexacenter.org/id/Pdf_raster","http://trasparenza.comune.massa.ms.it/sites/trasparenza.sites/files/allegati/Atti_concessione_locazioni_passive_primo_semestre_2014.PDF","http://trasparenza.comune.massa.ms.it/node/7252","Dirigente , Settore , Ubicazione , Destinazione , Proprietà , Canone annuo , Note",1,0,0,1,0,1,1,0,0,0,1,0,,,"http://it.dbpedia.org/resource/Massa_%28Italia%29"
"http://trasparenza.nexacenter.org/id/LocazioniPassiveMilano","http://trasparenza.nexacenter.org/id/Xls","http://www.comune.milano.it/portale/wps/wcm/jsp/fibm-cdm/FDWL.jsp?cdm_cid=com.ibm.workplace.wcm.api.WCM_Content/AmministrazioneAperta_BeniIimmobiliGestionePatrimonio_CanoniLocazioneOAffitto/b33362004111fde6890ebf95b548ec12/PUBLISHED&cdm_acid=com.ibm.workp","http://www.comune.milano.it/portale/wps/portal/CDM?WCM_GLOBAL_CONTEXT=/wps/wcm/connect/contentlibrary/Elenco%2BSiti%2Btematici/Elenco%2BSiti%2Btematici/Amministrazione%2Baperta/Beni%2Bimmobili%2Be%2Bgestione%2Bpatrimonio/","N., INDIRIZZO IMMOBILE (VIA-tutti gli immobili sono ubicati in MILANO), FINALITA' DI UTILIZZO, MQ., CANONE ANNUO AL 31.12.2013",1,1,0,1,1,1,0,0,0,0,0,0,,,"http://it.dbpedia.org/resource/Milano"
"http://trasparenza.nexacenter.org/id/LocazioniPassiveVerona","http://trasparenza.nexacenter.org/id/Csv","http://www.comune.verona.it/bannertrack/most_download.cfm?referredUrl=media//_ComVR/Cdr/Patrimonio/Allegati/TRASPARENZA/Locazioni_passive_1_sem_2014.csv&title=Contratti%20di%20locazione%20passivi%201%20sem%202014%20%28csv%29","http://www.comune.verona.it/nqcontent.cfm?a_id=42964","PROPRIETA' , INDIRIZZO , Dati catastali , MQ. , UTILIZZO , CONTRATTO , SCADENZA CONTRATTO , CANONE ANNUO",1,0,1,1,1,1,0,0,1,1,1,0,,,"http://it.dbpedia.org/resource/Verona"
"http://trasparenza.nexacenter.org/id/LocazioniPassiveVillacidro","http://trasparenza.nexacenter.org/id/Pdf_vettoriale","http://www.comune.villacidro.vs.it/Amministrazione/amministrazionetrasparente/uploadamministrazionetrasparente/Canoni_di_locazione_versati_dal_Comune.pdf","http://www.comune.villacidro.vs.it/Amministrazione/amministrazionetrasparente/canonidilocazioneeaffitto.html","Denominazione immobile , ubicazione ,  destinazione , canone annuo",1,0,0,1,0,1,1,0,0,0,0,1,,,"http://it.dbpedia.org/resource/Villacidro"
"http://trasparenza.nexacenter.org/id/LocazioniPassiveTrani","http://trasparenza.nexacenter.org/id/Xls","http://www.comune.trani.bt.it/userfiles/files/AmmTrasparente/Patrimonio/fitti_passivi_secondo_semestre_2013.xls","http://www.comune.trani.bt.it/AmministrazioneTrasparente/Dataview.aspx?id=421","PROPRIETA' UBICAZIONE	, LOCATARIO E/O CONCESSIONARIO  CONTRATTO SCADENZA , CANONE MENSILE , CANONE ANNUALE PREVISIONE 2014 RISORSA TOTALE DELLA RISORSA ,	SCADENZA ,	CANONE MENSILE , USCITA  SEMESTRE  2013 dal 1° luglio  2013 al 31 dicembre 2013	, N° INTERVENTO , Scadenza Contratto annuale , Mesi aggiornamento Indici ISTAL , Aumento ISTAT",1,1,0,1,0,1,1,0,0,1,1,0,,,"http://it.dbpedia.org/resource/Trani"
"http://trasparenza.nexacenter.org/id/LocazioniPassiveTrapani","http://trasparenza.nexacenter.org/id/Pdf_vettoriale","http://www.comune.trapani.it/web/attachments/article/1093/FITTI.pdf","http://www.comune.trapani.it/web/index.php/beni-immobili-e-gestione-patrimonio/122-amministrazione-trasparente/1093-canoni-di-locazione-e-affitto","Immobili , Ubicazione , Proprietario , Importo canone annuo , Numero di contratto , Data di stipula  , Canone del 2013",1,0,0,0,0,1,1,0,1,1,1,1,,,"http://it.dbpedia.org/resource/Trapani"
"http://trasparenza.nexacenter.org/id/LocazioniPassiveCremona","http://trasparenza.nexacenter.org/id/Html_tabellare","http://www.comune.cremona.it/PostCE-display-ceid-4646.phtml","http://www.comune.cremona.it/PostCE-CE_Browser-cat_id-563.phtml","Finalità , Ubicazione , Dimensione - Superficie , Canone annuo",1,1,0,1,1,1,1,0,0,0,0,0,,,"http://it.dbpedia.org/resource/Cremona"
"http://trasparenza.nexacenter.org/id/LocazioniPassiveFoggia",,,"http://www.comune.foggia.it/amministrazione-trasparente/beni-immobili-e-gestione-patrimonio/canoni-di-locazione-o-affitto/",,0,0,0,0,0,0,0,0,0,0,0,0,1,,"http://it.dbpedia.org/resource/Foggia"
"http://trasparenza.nexacenter.org/id/LocazioniPassiveNapoli",,,"http://www.comune.napoli.it/flex/cm/pages/ServeBLOB.php/L/IT/IDPagina/22101",,0,0,0,0,0,0,0,0,0,0,0,0,1,,"http://it.dbpedia.org/resource/Napoli"
"http://trasparenza.nexacenter.org/id/LocazioniPassiveTerni",,,"http://www.comune.terni.it/canale.php?idc=565&mod=pagina&id=1291",,0,0,0,0,0,0,0,0,0,0,0,0,1,,"http://it.dbpedia.org/resource/Terni"
"http://trasparenza.nexacenter.org/id/LocazioniPassiveFermo","http://trasparenza.nexacenter.org/id/Xls","http://www.comune.fermo.it/it/4822/","http://www.comune.fermo.it/it/canoni-di-locazione-e-affitto/","Fitto - Descrizione , Importo Annuo , Agg. istat , Importo mensile",1,0,0,0,0,1,1,0,0,0,0,1,,,"http://it.dbpedia.org/resource/Fermo"
"http://trasparenza.nexacenter.org/id/LocazioniPassiveFerrara","http://trasparenza.nexacenter.org/id/Ods","http://www.comune.fe.it/attach/trasparenza/docs/patrimonio/fitti_passivi_30-01-2014.ods","http://www.comune.fe.it/index.phtml?id=3695","Proprietario ,	Indirizzo ,	PRIMA DECORRENZA CONTRATTUALE ,	DURATA CONTRATTUALE , 	DATA ULTIMO RINNOVO ,	SCADENZA ,	DESTINAZIONE , SUPERFICIE MQ. , CANONE ANNUO 2013",1,1,0,1,1,1,1,0,1,1,1,0,,,"http://it.dbpedia.org/resource/Ferrara"
"http://trasparenza.nexacenter.org/id/LocazioniPassiveFirenze","http://trasparenza.nexacenter.org/id/Pdf_vettoriale","http://www.comune.fi.it/materiali/trasparenza/fitti_passivi2013.pdf","http://www.comune.fi.it/export/sites/retecivica/comune_firenze/Amministrazione_Trasparente/Beni_immobili.html","INDIRIZZO, FINALITA' DI UTILIZZO, CANONI ANNUALI",1,1,0,1,0,1,1,0,0,0,0,0,,,"http://it.dbpedia.org/resource/Firenze"
"http://trasparenza.nexacenter.org/id/LocazioniPassiveForl-C3-AC","http://trasparenza.nexacenter.org/id/Pdf_vettoriale","http://www.comune.forli.fc.it/servizi/gestionedocumentale/visualizzadocumento.aspx?ID=35961","http://www.comune.forli.fc.it/servizi/menu/dinamica.aspx?idArea=166672&idCat=166728&ID=166778","Nr.Loc , NOMINATIVO SOGGETTO , UBICAZIONE IMMOBILE Via/Piazza/ , TITOLO UTILIZZO –LOCAZIONE O CONCESSIONE , TIPOLOGIA UTILIZZO IMMOBILE , CANONE ANNUO",1,1,0,1,0,1,0,0,0,0,1,0,,,"http://it.dbpedia.org/resource/Forl%C3%AC"
"http://trasparenza.nexacenter.org/id/LocazioniPassiveMonza","http://trasparenza.nexacenter.org/id/Csv","http://www.comune.monza.it/portale/DOCUMENTI/comunemonza/trasparenza/CANONI_VERSATI_2013.csv","http://www.comune.monza.it/portale/monzacomune/amministrazione_trasparente/beni_immobili/canoni_locazione","UBICAZIONE , 	MQ. , CANONE",1,0,0,0,1,1,0,0,0,0,0,0,,,"http://it.dbpedia.org/resource/Monza"
"http://trasparenza.nexacenter.org/id/LocazioniPassiveNuoro","http://trasparenza.nexacenter.org/id/Pdf_vettoriale","http://www.comune.nuoro.it/media/downloads/AmmTrasparente/PatrimonioImmobiliare/ComuneNuoro_SedePM_Locazione.pdf","http://www.comune.nuoro.it/index.php/Beni_immobili_e_gestione_patrimonio/Canoni_di_locazione_o_affitto/6573/Canoni_di_locazione_versati_o_percepiti.htm","Settore Competente , Destinazione , Indirizzo , Estremi Catastali , Atto , Scadenza , Canone Anno",1,1,1,1,1,1,1,0,1,1,0,0,,,"http://it.dbpedia.org/resource/Nuoro"
"http://trasparenza.nexacenter.org/id/LocazioniPassiveOlbia","http://trasparenza.nexacenter.org/id/Pdf_vettoriale","http://www.comune.olbia.ot.it/index.php?option=com_docman&task=doc_download&gid=4727&Itemid=447","http://www.comune.olbia.ot.it/index.php?option=com_docman&task=cat_view&gid=1556","Contraente , Ubicazione immobile , Destinazione d'uso , Canone annuale , Note",1,1,0,1,0,1,1,0,0,0,1,0,,,"http://it.dbpedia.org/resource/Olbia"
"http://trasparenza.nexacenter.org/id/LocazioniPassiveTaranto","http://trasparenza.nexacenter.org/id/Pdf_vettoriale","http://www.gazzettaamministrativa.it/opencms/export/sites/default/_gazzetta_amministrativa/amministrazione_trasparente/_puglia/_taranto/140_ben_imm_ges_pat/020_can_loc_aff/2013/Documenti_1374156773203/1374156773687_canoni.pdf","http://www.gazzettaamministrativa.it/opencms/opencms/_gazzetta_amministrativa/amministrazione_trasparente/_puglia/_taranto/140_ben_imm_ges_pat/020_can_loc_aff/","Totale Versato",0,0,0,1,0,1,0,0,0,0,0,0,,,"http://it.dbpedia.org/resource/Taranto"
"http://trasparenza.nexacenter.org/id/LocazioniPassiveTempioPausania","http://trasparenza.nexacenter.org/id/Pdf_vettoriale","http://www.comune.tempiopausania.ot.it/attachments/article/2124/LOCAZIONI%20PASSIVE%202014.pdf","http://www.comune.tempiopausania.ot.it/index.php?option=com_content&view=category&id=378&Itemid=139","Creditore, Ubicazione, Destinazione, Tipologia cessione, Importo, Note",1,0,0,1,0,1,0,0,0,0,1,1,,,"http://it.dbpedia.org/resource/Tempio_Pausania"
"http://trasparenza.nexacenter.org/id/LocazioniPassiveTeramo","http://trasparenza.nexacenter.org/id/Pdf_vettoriale","http://www.comune.teramo.it/uploads/contents/c_84/fitti_passivi.pdf","http://www.comune.teramo.it/index.php?id=196","Ubicazione , Canone annuale",1,1,0,0,0,1,1,0,0,0,0,0,,,"http://it.dbpedia.org/resource/Teramo"
"http://trasparenza.nexacenter.org/id/LocazioniPassivePiacenza","http://trasparenza.nexacenter.org/id/Pdf_vettoriale","http://www.comune.piacenza.it/comune/trasparenza/amministrazionetrasparente/beniimmobiliepatrimonio/canoni-di-locazione-o-affitto/canoni-di-locazione-o-affitto-locazioni-passive-aggiornamento-gennaio-2014/at_download/file","http://www.comune.piacenza.it/comune/trasparenza/amministrazionetrasparente/beniimmobiliepatrimonio/canoni-di-locazione-o-affitto/canoni-di-locazione-o-affitto-locazioni-passive-aggiornamento-gennaio-2014/view","Immobili attualmente oggetto di locazione passiva ,  Durata della locazione , Canone a carico del Comune , Scopo della locazione/ utilizzo del bene , Spese condominiali a carico del Comune",1,0,0,1,0,1,0,0,1,1,0,1,,,"http://it.dbpedia.org/resource/Piacenza"
"http://trasparenza.nexacenter.org/id/LocazioniPassiveSanluri",,,"http://www.comune.sanluri.vs.it/servizi/Menu/dinamica.aspx?idArea=20047&idCat=20074&ID=20074&TipoElemento=categoria",,0,0,0,0,0,0,0,0,0,0,0,0,1,,"http://it.dbpedia.org/resource/Sanluri"
"http://trasparenza.nexacenter.org/id/LocazioniPassivePotenza",,,,,0,0,0,0,0,0,0,0,0,0,0,0,1,,"http://it.dbpedia.org/resource/Potenza_%28Italia%29"
"http://trasparenza.nexacenter.org/id/LocazioniPassivePisa","http://trasparenza.nexacenter.org/id/Csv","http://www.comune.pisa.it/uploads/2014_10_3_12_26_30.csv","http://www.comune.pisa.it/it/ufficio-scheda/13352/Canoni-di-locazione-o-affitto.html","Tipologia di Contratto , Tipologia del Bene , Proprietario , Immobile , Ubicazione ,  Canoni anno 2014",1,0,0,0,0,1,0,0,0,0,1,1,,,"http://it.dbpedia.org/resource/Pisa"
"http://trasparenza.nexacenter.org/id/LocazioniPassivePistoia","http://trasparenza.nexacenter.org/id/Pdf_vettoriale","http://www.comune.pistoia.it/media/43/sezione_beni_e_patrimonio/LOCAZIONI_PASSIVE_file_n._7.pdf","http://www.comune.pistoia.it/2215/beni%20immobili%20e%20gestione%20del%20patrimonio","Data stipula , Rpertorio/anno , Oggetto , Proprietari , Canone annuale",1,0,0,1,0,1,1,0,1,0,1,1,,,"http://it.dbpedia.org/resource/Pistoia"
"http://trasparenza.nexacenter.org/id/LocazioniPassivePordenone","http://trasparenza.nexacenter.org/id/Pdf_vettoriale","http://www.comune.pordenone.it/it/comune/amministrazione-trasparente/beni-immobili-e-gestione-patrimonio/canoni-di-locazione-o-affitto/locazioni-passive/view","http://www.comune.pordenone.it/it/comune/amministrazione-trasparente/beni-immobili-e-gestione-patrimonio/canoni-di-locazione-o-affitto","Destinazione ubicazione beni immobili , Proprietà , mq. locali , Canone annuale",1,0,0,1,1,1,1,0,0,0,1,1,,,"http://it.dbpedia.org/resource/Pordenone"
"http://trasparenza.nexacenter.org/id/LocazioniPassiveModena","http://trasparenza.nexacenter.org/id/Ods","http://www.comune.modena.it/il-comune/amministrazione-trasparente/beni-immobili-e-gestione-patrimonio/canoni-di-locazione-o-affitto/canoni-di-locazione-o-di-affitto-versati/canoni-di-locazione-o-di-affitto-versati-anno-2014/elenco-fitti-passivi-anno-2014/","http://www.comune.modena.it/il-comune/amministrazione-trasparente/beni-immobili-e-gestione-patrimonio/canoni-di-locazione-o-affitto/canoni-di-locazione-o-di-affitto-versati/canoni-di-locazione-o-di-affitto-versati-anno-2014","PROPRIETARIO ,	UBICAZIONE , UTILIZZO SPECIFICO , MQ , CANONE+IVA",1,1,0,1,1,1,0,0,0,0,1,0,,,"http://it.dbpedia.org/resource/Modena"
"http://trasparenza.nexacenter.org/id/LocazioniPassiveCatanzaro","http://trasparenza.nexacenter.org/id/Pdf_vettoriale","http://www.comunecatanzaro.it/images/Trasparenza/canoni/canoni_immobili_attivi_e_passivi.pdf","http://www.comunecatanzaro.it/index.php/amministrazione-trasparente/115-beni-immobili-e-gestione-patrimonio/391-canoni-di-locazione-e-affitto",,0,0,0,0,0,1,0,0,0,0,0,0,,1,"http://it.dbpedia.org/resource/Catanzaro"
"http://trasparenza.nexacenter.org/id/LocazioniPassiveTrento",,,"http://www.comune.trento.it/Comune/Organizzazione-comunale/Amministrazione-trasparente/Beni-immobili-e-gestione-patrimonio/Canoni-di-locazione-e-affitto",,0,0,0,0,0,0,0,0,0,0,0,0,1,,"http://it.dbpedia.org/resource/Trento"
"http://trasparenza.nexacenter.org/id/LocazioniPassiveTreviso",,,"http://www.comune.treviso.it/index.php?view=article&catid=223%3Abeni-immobili-e-gestione-patrimonio&id=8583%3Acanoni-di-locazione-o-affitto&option=com_content&Itemid=904",,0,0,0,0,0,0,0,0,0,0,0,0,1,,"http://it.dbpedia.org/resource/Treviso"
"http://trasparenza.nexacenter.org/id/LocazioniPassiveChieti",,,"http://www.gazzettaamministrativa.it/opencms/opencms/_gazzetta_amministrativa/amministrazione_trasparente/_abruzzo/_chieti/140_ben_imm_ges_pat/020_can_loc_aff/",,0,0,0,0,0,0,0,0,0,0,0,0,1,,"http://it.dbpedia.org/resource/Chieti"
"http://trasparenza.nexacenter.org/id/LocazioniPassiveTrieste","http://trasparenza.nexacenter.org/id/Pdf_raster","http://www.retecivica.trieste.it/new/admin/allegati_up/allegati//contratti_passivi.pdf","http://www.retecivica.trieste.it/new/default.asp?pagina=-&ids=71&id_sx=&tipo=blocchi_dx_1023&tabella_padre=dx&id_padre=1023","Creditore, Descrizione del bene, Ubicazione, Tipo contratto, Canone 2013",1,0,0,0,0,1,0,0,0,0,1,1,,,"http://it.dbpedia.org/resource/Trieste"
"http://trasparenza.nexacenter.org/id/LocazioniPassiveUdine","http://trasparenza.nexacenter.org/id/Ods","http://www.comune.udine.it/opencms/opencms/release/ComuneUdine/comune/Nuovo_progetto_trasparenza/beni_immobili_e_gestione_patrimonio/allegati/elenco_locazioni_passive_agg._dic_2013.ods","http://www.comune.udine.it/opencms/opencms/release/ComuneUdine/comune/Nuovo_progetto_trasparenza/beni_immobili_e_gestione_patrimonio/?style=1","Destinazione, Ubicazione, proprietà, canone mensile, canone annuale",1,1,0,1,0,1,1,0,0,0,1,0,,,"http://it.dbpedia.org/resource/Udine"
"http://trasparenza.nexacenter.org/id/LocazioniPassiveUrbino","http://trasparenza.nexacenter.org/id/Pdf_raster","http://www.gazzettaamministrativa.it/opencms/export/sites/default/_gazzetta_amministrativa/amministrazione_trasparente/_marche/_urbino/140_ben_imm_ges_pat/020_can_loc_aff/2014/0001_Documenti_1391112029216/1391112030763_canoni_di_locazione_attivi_e_passivi","http://www.gazzettaamministrativa.it/opencms/opencms/_gazzetta_amministrativa/amministrazione_trasparente/_marche/_urbino/140_ben_imm_ges_pat/020_can_loc_aff/","Es. , E.P.F , T.Spesa , Impegno , Descrizione: oggetto del contratto , Importo pagato , Numero mandati",0,0,0,1,0,1,0,0,0,0,1,1,,,"http://it.dbpedia.org/resource/Urbino"
"http://trasparenza.nexacenter.org/id/LocazioniPassiveVarese","http://trasparenza.nexacenter.org/id/Pdf_vettoriale","http://www.comune.varese.it/si4web/common/AmvDownload.jsp?ID_BLOB=95432&saveAS=canoni%20passivi%20luglio%202014.pdf&mimetype=application/pdf","http://www.comune.varese.it/si4web/common/AmvDocumentoInfo.do?MVVC=amvdocui&ID=7526&REV=5&MVPD=0&MVTD=1&MVSZ=425","N. , Immobile , Pagamenti luglio",1,1,0,0,0,1,1,0,0,0,0,0,,,"http://it.dbpedia.org/resource/Varese"
"http://trasparenza.nexacenter.org/id/LocazioniPassiveVenezia","http://trasparenza.nexacenter.org/id/Pdf_vettoriale","http://www.comune.venezia.it/flex/cm/pages/ServeAttachment.php/L/IT/D/b%252Fd%252Fd%252FD.938ea541ba643b97ef7a/P/BLOB%3AID%3D64032","http://www.comune.venezia.it/flex/cm/pages/ServeBLOB.php/L/IT/IDPagina/64032","Locatore, Indirizzo, Uso, Canone annuo (o.f.c.), Decorrenza al, Decorrenza dal, Data sottoscrizione",1,0,0,1,0,1,1,0,1,1,1,0,,,"http://it.dbpedia.org/resource/Venezia"
"http://trasparenza.nexacenter.org/id/LocazioniPassiveViboValentia","http://trasparenza.nexacenter.org/id/Pdf_vettoriale","http://www.gazzettaamministrativa.it/opencms/export/sites/default/_gazzetta_amministrativa/amministrazione_trasparente/_calabria/_vibo_valentia/140_ben_imm_ges_pat/020_can_loc_aff/2014/Documenti_1391689561955/1410172430122_fitti_passivi_al_31_dicembre_201","http://www.gazzettaamministrativa.it/opencms/opencms/_gazzetta_amministrativa/amministrazione_trasparente/_calabria/_vibo_valentia/140_ben_imm_ges_pat/020_can_loc_aff/","Ufficio o utilizzo , indirizzo , mq. , canone , foglio , particella , sub , categoria , classe , consistenza ,  rendita , rendita rivalutata",1,0,1,1,1,1,0,0,0,0,0,0,,,"http://it.dbpedia.org/resource/Vibo_Valentia"
"http://trasparenza.nexacenter.org/id/LocazioniPassiveCaserta","http://trasparenza.nexacenter.org/id/Pdf_vettoriale","http://trasparenza.comune.caserta.it/archiviofile/caserta/archivio_file/trasparenza/Patrimonio/Fitti_attivi_e_passivi_aggiornamento_2014.pdf","http://trasparenza.comune.caserta.it/pagina735_canoni-di-locazione-o-affitto.html","Immobile e/o terreno - ubicazione - usp , Proprietario , Durata , Canone annuo , Cap. , Note",1,0,0,1,0,1,1,0,1,1,1,1,,,"http://it.dbpedia.org/resource/Caserta"
"http://trasparenza.nexacenter.org/id/LocazioniPassiveCatania","http://trasparenza.nexacenter.org/id/Ods","http://www.comune.catania.it/amministrazione-trasparente/beni-immobili-e-gestione-del-patrimonio/documenti/canoni-locazione-o-affitto/affitti-2013-affitti-speciali-p.zip","http://www.comune.catania.it/amministrazione-trasparente/beni-immobili-e-gestione-del-patrimonio/","PROPRIETARIO INDIRIZZO ,	UBICAZIONE ,	DESTINAZIONE",1,1,0,0,0,0,0,0,0,0,1,0,,,"http://it.dbpedia.org/resource/Catania"
"http://trasparenza.nexacenter.org/id/LocazioniPassiveCesena","http://trasparenza.nexacenter.org/id/Pdf_vettoriale","http://www.comune.cesena.fc.it/flex/cm/pages/ServeAttachment.php/L/IT/D/d%252Fc%252Fa%252FD.c5c8715decc5d38fd8b5/P/BLOB%3AID%3D14149","http://www.comune.cesena.fc.it/trasparenza/immobiliepatrimonio","Tipo,Codice, Codice ISTAT,Comune,Foglio, Particella,Identificativi catastali,Canone annuo, Descrizione Subalterno, Tipologia contratto",1,0,1,0,0,1,1,0,0,0,0,1,,,"http://it.dbpedia.org/resource/Cesena"
"http://trasparenza.nexacenter.org/id/LocazioniPassiveEnna","http://trasparenza.nexacenter.org/id/Pdf_vettoriale","http://www.comune.enna.it/index.php/beni-immobili-e-gestione-patrimonio/item/download/297_49d82b7186aa4a7a523908118fccd33d","http://www.comune.enna.it/index.php/beni-immobili-e-gestione-patrimonio/item/409-canone-fitti-passivi","n° contratto , data contratto , indirizzo immobile , tipologia , canone annuale",1,0,0,1,0,1,1,0,1,0,0,1,,,"http://it.dbpedia.org/resource/Enna"
"http://trasparenza.nexacenter.org/id/LocazioniPassiveLanusei","http://trasparenza.nexacenter.org/id/Xls","http://www.comunedilanusei.it/trasparenza/sites/default/files/allegati/locazioni%202014_0.xls","http://www.comunedilanusei.it/trasparenza/?q=amministrazione-trasparente/beni-immobili-e-gestione-patrimonio/canoni-di-locazione-o-affitto","Oggetto , Ubicazione ,  Riferimento N. contratto / data , Determina liquidazione , Importo",1,1,0,0,0,1,0,0,1,1,0,0,,,"http://it.dbpedia.org/resource/Lanusei"
