"dataset","formato","URLdataset","URLsezione","tracciaRecordAttributi","UbicazionePresenzaAttributo","IndirizzoCompletoPresenzaAttributo","DatiCatastaliPresenzaAttributo","FinalitaUtilizzoPrezenza","SuperficiePresenzaAttributo","CanoneCorrispostoPresenzaAttributo","PeriodicitaCanonePresenzaAttributo","CanoneInizialePresenzaAttributo","DataStipulaContrattoPresenzaAttributo","DataScadenzaContrattoPresenzaAttributo","LocatarioPresenzaAttributo","DescrizioneImmobilePresenzaAttributo","NonPubblicato","PubblicatoMale","URIdbpediaEnte"
"http://trasparenza.nexacenter.org/id/LocazioniAttiveAndria","http://trasparenza.nexacenter.org/id/Pdf_vettoriale","http://www.comune.andria.bt.it/public/tvm/65/fitti%20attivi%20e%20passivi%20anno%202013.pdf","http://www.comune.andria.bt.it/at1.asp?id1=14","Oggetto , note , competenza ,  pagato al  31/01/2014",0,0,0,0,0,1,0,0,0,0,0,1,,1,"http://it.dbpedia.org/resource/Andria"
"http://trasparenza.nexacenter.org/id/LocazioniAttiveBiella","http://trasparenza.nexacenter.org/id/Pdf_vettoriale","http://www.comune.biella.it/sito/file/biellaonline/amministrazione-trasparente/canoni-percepiti-anno-2012.pdf","http://www.comune.biella.it/sito/index.php?canoni-di-locazione-e-affitto","denominazine, conto del tesoriere",0,0,0,0,0,0,0,0,0,0,0,1,,1,"http://it.dbpedia.org/resource/Biella"
"http://trasparenza.nexacenter.org/id/LocazioniAttiveTortol-C3-AC","http://trasparenza.nexacenter.org/id/Pdf_vettoriale","http://www.comuneditortoli.it/portale_comune/public/allegati_contenuti/455876403_CANONI_DI_LOCAZ__ALLOGGI_E_R_P.pdf","http://www.comuneditortoli.it/portale_comune/portale/elenco_contenuti.asp?id_sottosezione_2=157","Totale alloggi , Ubicazione , Importo annuale cumulativo",1,0,0,0,0,1,1,0,0,0,0,0,,1,"http://it.dbpedia.org/resource/Tortol%C3%AC"
"http://trasparenza.nexacenter.org/id/LocazioniAttiveAlessandria",,,"http://www.comune.alessandria.it/flex/cm/pages/ServeBLOB.php/L/IT/IDPagina/9624",,0,0,0,0,0,0,0,0,0,0,0,0,1,,"http://it.dbpedia.org/resource/Alessandria"
"http://trasparenza.nexacenter.org/id/LocazioniAttiveAvellino",,,"http://www.comune.avellino.it/amministrazionetrasparente/patrimonio/canoni.php",,0,0,0,0,0,0,0,0,0,0,0,0,1,,"http://it.dbpedia.org/resource/Avellino"
"http://trasparenza.nexacenter.org/id/LocazioniAttiveCuneo",,,"http://www.comune.cuneo.gov.it/amministrazione-trasparente/beni-immobili-e-gestione-patrimonio/patrimonio-immobiliare.html",,0,0,0,0,0,0,0,0,0,0,0,0,1,,"http://it.dbpedia.org/resource/Cuneo"
"http://trasparenza.nexacenter.org/id/LocazioniAttiveL-27Aquila",,,"http://trasparenza.comune.laquila.gov.it/pagina735_canoni-di-locazione-o-affitto.html",,0,0,0,0,0,0,0,0,0,0,0,0,1,,"http://it.dbpedia.org/resource/L%27Aquila"
"http://trasparenza.nexacenter.org/id/LocazioniAttiveRoma",,,"http://www.comune.roma.it/wps/portal/pcr?jppagecode=dip_imm_can_loc.wp",,0,0,0,0,0,0,0,0,0,0,0,0,1,,"http://it.dbpedia.org/resource/Roma"
"http://trasparenza.nexacenter.org/id/LocazioniAttiveAncona",,,,,0,0,0,0,0,0,0,0,0,0,0,0,1,,"http://it.dbpedia.org/resource/Ancona"
"http://trasparenza.nexacenter.org/id/LocazioniAttiveAgrigento","http://trasparenza.nexacenter.org/id/Pdf_vettoriale","http://www.comune.agrigento.it/download/atti_on_line/anno%202013/ELENCO_FITTI_ATTIVI.pdf","http://www.comune.agrigento.it/index.php/component/content/article/228-beni-immobili-e-gestione-patrimonio/2924-canoni-di-locazione-o-affitto","Conduttore , Ubicazione dell'immobile , contratto iniziale , Ultimo Rinnovo del contratto , durata del contratto , scadenza , Canone annuo di locazione , Note",1,1,0,0,1,1,1,0,0,1,1,0,,,"http://it.dbpedia.org/resource/Agrigento"
"http://trasparenza.nexacenter.org/id/LocazioniAttiveArezzo","http://trasparenza.nexacenter.org/id/Pdf_vettoriale","http://www.comune.arezzo.it/il-comune/direzione-generale/ufficio-patrimonio/trasparenza/immobili-in-concessione-e-relativi-canoni/files/immobili-in-concessione.pdf","http://www.comune.arezzo.it/il-comune/direzione-generale/ufficio-patrimonio/trasparenza/immobili-in-concessione-e-relativi-canoni","Indirizzo Immobile , Finalità di Utilizzo , Superficie , Canone Annuale",1,0,0,1,1,1,1,0,0,0,0,0,,,"http://it.dbpedia.org/resource/Arezzo"
"http://trasparenza.nexacenter.org/id/LocazioniAttiveAscoliPiceno","http://trasparenza.nexacenter.org/id/Ods","http://www.comuneap.gov.it/flex/cm/pages/ServeAttachment.php/L/IT/D/5%252Fc%252F5%252FD.ab6224f48fe055aa6e95/P/BLOB%3AID%3D5830","http://www.comuneap.gov.it/flex/cm/pages/ServeBLOB.php/L/IT/IDPagina/5830","IMMOBILE	 , UBICAZIONE ,  CONDUTTORE , CANONE ANNUALE",1,0,0,1,0,1,1,0,0,0,0,1,,,"http://it.dbpedia.org/resource/Ascoli_Piceno"
"http://trasparenza.nexacenter.org/id/LocazioniAttiveAsti","http://trasparenza.nexacenter.org/id/Pdf_vettoriale","http://asti.etrasparenza.it/archiviofile/asti/archivio_file/beni-immobili/costi_locazione-trasparenza-anno_2012.pdf","http://asti.etrasparenza.it/pagina735_canoni-di-locazione-o-affitto.html","finalità di utilizzo, ubicazione, dimensioni, canone iniziale, canone corrisposto 2012",1,0,0,1,1,1,0,1,0,0,0,0,,,"http://it.dbpedia.org/resource/Asti"
"http://trasparenza.nexacenter.org/id/LocazioniAttiveBarletta","http://trasparenza.nexacenter.org/id/Pdf_vettoriale","http://www.comune.barletta.ba.it/retecivica/ammtrasp/file/FITTI%20ATTIVI%20E%20PASSIVI%2025%2010%202013.pdf.p7m","http://www.comune.barletta.ba.it/retecivica/ammtrasp/14.2.canoni.html","Immobili , Ubicazione , Destinazione , Canone mensile",1,0,0,1,0,1,1,0,0,0,0,1,,,"http://it.dbpedia.org/resource/Barletta"
"http://trasparenza.nexacenter.org/id/LocazioniAttiveBelluno","http://trasparenza.nexacenter.org/id/Html_tabellare","http://cdn1.regione.veneto.it/alfstreaming-servlet/streamer/resourceId/d8ac5098-eccd-490f-b17d-ca6aea7c27a8/canoni_locazione_affitto","http://www.comune.belluno.it/web/belluno/area-istituzionale/amministrazione-trasparente?p_p_id=ALFRESCO_MYPORTAL_CONTENT_PROXY_WAR_myportalportlet_INSTANCE_Yl0I&p_p_lifecycle=1&p_p_state=normal&p_p_mode=view&p_p_col_id=column-3&p_p_col_count=1&template=/r","Immobile , Foglio , Mappale , Sub , Canone Percepito , Canone Versato",1,0,1,0,0,1,0,0,0,0,0,1,,,"http://it.dbpedia.org/resource/Belluno"
"http://trasparenza.nexacenter.org/id/LocazioniAttiveBenevento","http://trasparenza.nexacenter.org/id/Pdf_vettoriale","http://www.comune.benevento.it/bn2_pagine/trasparenza/14Beni%20immobili/ERP.pdf","http://www.comune.benevento.it/bn2_pagine/trasparenza/14Beni%20immobili/Patrimonio_immobiliare.php","Immobile Ubicazione Foglio Particella sub Z.C. Cat. Classe Consistenza Sup. Cat.le Rendita Canone Annnuo",1,1,1,0,1,1,1,0,0,0,0,0,,,"http://it.dbpedia.org/resource/Benevento"
"http://trasparenza.nexacenter.org/id/LocazioniAttiveBergamo","http://trasparenza.nexacenter.org/id/Xls","http://www.comune.bergamo.it/servizi/gestionedocumentale/visualizzadocumento.aspx?ID=24257","http://www.comune.bergamo.it/servizi/menu/dinamica.aspx?idArea=41291&idCat=41291&ID=41291","Descrizione , Soggetto , Indirizzo , Canone in Euro",1,1,0,0,0,1,0,0,0,0,1,1,,,"http://it.dbpedia.org/resource/Bergamo"
"http://trasparenza.nexacenter.org/id/LocazioniAttiveNovara","http://trasparenza.nexacenter.org/id/Csv","http://www.comune.novara.it/comune/trasparenza/amministrazioneTrasparente/csv/locazioniAttive2013.csv","http://www.comune.novara.it/comune/trasparenza/amministrazioneTrasparente/beniImmobili/canoniLocazione.php","Conduttore, oggetto locazione, identificazione immobile, scadenza, canone annuo, note",1,0,1,1,1,1,0,0,1,1,1,0,,,"http://it.dbpedia.org/resource/Novara"
"http://trasparenza.nexacenter.org/id/LocazioniAttiveTorino","http://trasparenza.nexacenter.org/id/Csv","http://www.comune.torino.it/amministrazionetrasparente/bm~doc/canoni_percepiti_gen_2014.csv","http://www.comune.torino.it/amministrazionetrasparente/beni-immobili/canoni/index.shtml","indirizzo, descrizione bene, canone",1,1,0,0,0,1,0,0,0,0,0,0,,,"http://it.dbpedia.org/resource/Torino"
"http://trasparenza.nexacenter.org/id/LocazioniAttiveVerbania","http://trasparenza.nexacenter.org/id/Doc","http://www.comune.verbania.it/content/download/18644/196428/file/da%20pubblicare%20-%2019_09_2013%20.doc","http://www.comune.verbania.it/Amministrazione/Amministrazione-Trasparente/Beni-immobili-e-gestione-patrimonio/Canoni-di-locazione-o-affitto","Immobile, Locatario / Comodatario, Contratti, Canone 2012, Indirizzo, Tipologia, Scadenza",1,0,0,1,0,1,0,0,0,1,1,1,,,"http://it.dbpedia.org/resource/Verbania"
"http://trasparenza.nexacenter.org/id/LocazioniAttivePrato","http://trasparenza.nexacenter.org/id/Xls","http://www.comune.prato.it/trasparenza/immobili-patrimonio/canoni-locazione/xls/fitti-attivi2014.xls","http://www.comune.prato.it/trasparenza/immobili-patrimonio/canoni-locazione/home.htm","Conduttore , Contratto (numero di repertorio) , Data registrazione contratto , Scadenza , Destinazione d'uso , Localizzazione , Mq. , Tipo di contratto , Canone 2013",1,0,0,1,1,1,0,0,1,1,1,0,,,"http://it.dbpedia.org/resource/Prato"
"http://trasparenza.nexacenter.org/id/LocazioniAttiveRagusa","http://trasparenza.nexacenter.org/id/Pdf_vettoriale","http://www.comune.ragusa.gov.it/amministrazione/_allegati/_beni_immobili/locaz_attive2014.pdf","http://www.comune.ragusa.gov.it/amministrazione/beni_immobili.html","Conduttore , Determine , Ubicazione , Contratto , Canone annuale , periodo , tipologia ,  Scadenza , Mq. , Dati catastali",1,0,1,1,1,1,1,0,1,1,1,0,,,"http://it.dbpedia.org/resource/Ragusa"
"http://trasparenza.nexacenter.org/id/LocazioniAttiveRavenna","http://trasparenza.nexacenter.org/id/Pdf_vettoriale","http://www.comune.ra.it/content/download/415412/4863016/file/Tabella_affitti_attivi.pdf","http://www.comune.ra.it/Amministrazione-Trasparente/Beni-immobili-e-gestione-patrimonio/Canoni-di-locazione-o-affitto","UTENTE , INDIRIZZO , CODICE_FISCALE , PARTITA_IVA , REPERTORIO , CODICE UTENTE , DATA INIZIO CONTRATTO , DATA FINE CONTRATTO , DATA DECORRENZA RATA , RATE SUCCESSIVE , SERPICO  , CADENZA_RATA , CAPITOLO , UBICAZIONE , ISTAT MESE , CANONE ANNUALE IMPONIBILE , IMPORTO RATA IMPONIBILE , IVA , IMPOSTA DI BOLLO , IMPORTO RATA , NOTE",1,0,0,0,0,1,0,0,0,0,1,0,,,"http://it.dbpedia.org/resource/Ravenna"
"http://trasparenza.nexacenter.org/id/LocazioniAttiveReggioCalabria","http://trasparenza.nexacenter.org/id/Xls","http://www.reggiocal.it/on-line/Home/AreeTematiche/AmministrazioneTrasparente/Beniimmobiliegestionepatrimonio/documento110582.html","http://www.reggiocal.it/on-line/Home/AreeTematiche/AmministrazioneTrasparente/Beniimmobiliegestionepatrimonio/Canonidilocazioneeaffitto.html","Cognome , Nome , Data , Nascita , CodiceFiscale , Indirizzo , CAP , ID assegn , LISTA , Numero Mesi , Totale",1,1,0,0,0,1,0,0,0,0,1,0,,,"http://it.dbpedia.org/resource/Reggio_Calabria"
"http://trasparenza.nexacenter.org/id/LocazioniAttiveReggionell-27Emilia","http://trasparenza.nexacenter.org/id/Pdf_vettoriale","http://www.municipio.re.it/retecivica/urp/retecivi.nsf/PESIdDoc/A4B1A66B43C61D93C1257C700039D28D/%24file/2014%20-%20Elenco%20CONTRATTI%20ATTIVI.pdf","http://www.municipio.re.it/retecivica/urp/retecivi.nsf/PESDocumentID/A4B1A66B43C61D93C1257C700039D28D?opendocument&FROM=lncdcntrttttvdlCmn","Controparte , Num. Ident. , Natura Giuridica , Descrizione dell'Immobile , Canone annuo 2014",1,0,0,0,0,1,0,0,0,0,1,1,,,"http://it.dbpedia.org/resource/Reggio_nell%27Emilia"
"http://trasparenza.nexacenter.org/id/LocazioniAttiveRieti","http://trasparenza.nexacenter.org/id/Pdf_vettoriale","http://93.57.94.158:8080/dms/werwer/beni-immobili-e-gestione-patrimonio/canoni-di-locazione-o-affitto/fitti_attivi_2013.pdf","http://93.57.94.158:8080/home/amministrazione-trasparente/beni-immobili-e-gestione-patrimonio/canoni-di-locazione-o-affitto.html","Conduttore , Ubicazione , Uso , Foglio , Part. , sub , Contratto , Canone annuo",1,1,1,1,0,1,1,0,0,0,1,1,,,"http://it.dbpedia.org/resource/Rieti"
"http://trasparenza.nexacenter.org/id/LocazioniAttiveRimini","http://trasparenza.nexacenter.org/id/Pdf_vettoriale","http://www.comune.rimini.it/binary/comune_rimini/canoni_locazione/elenco_canoni_locazione_attivi.1379600815.pdf","http://www.comune.rimini.it/servizi/amministrazione_trasparente/gestione_patrimonio/canoni_locazione/","NUMERO SCHEDA INVENTARIO DELL'IMMOBILE , CONDUTTORE , LOCALIZZAZIONE DELL'IMMOBILE , INDIVIDUAZIONE CATASTALE , SUPERFICIE MQ. , DESTINAZIONE , SCADENZA , CANONE DI LOCAZIONE",1,0,1,1,1,1,0,0,0,0,1,0,,,"http://it.dbpedia.org/resource/Rimini"
"http://trasparenza.nexacenter.org/id/LocazioniAttiveAosta","http://trasparenza.nexacenter.org/id/Ods","http://trasparenza.partout.it/wrapper/download/4263","http://trasparenza.partout.it/wrapper/download/4263",,1,1,0,1,0,1,0,0,1,1,1,1,,,"http://it.dbpedia.org/resource/Aosta"
"http://trasparenza.nexacenter.org/id/LocazioniAttiveBari","http://trasparenza.nexacenter.org/id/Pdf_vettoriale","http://www.comune.bari.it/portal/pls/portal/docs/1/688854.PDF","http://www.comune.bari.it/portal/page/portal/bari/comune/amministrazioneTrasparente/beniImmobiliEGestionePatrimonio",,1,1,1,0,1,1,1,0,1,1,1,0,,,"http://it.dbpedia.org/resource/Bari"
"http://trasparenza.nexacenter.org/id/LocazioniAttiveVercelli","http://trasparenza.nexacenter.org/id/Xls","http://www.comune.vercelli.it/cms/it/documenti-scaricabili/fitti-attivi-2013-/download.html",,"Nominativo, tipologia, ubicazione, importo canone annuo",1,0,0,0,0,1,1,0,0,,,0,,,"http://it.dbpedia.org/resource/Vercelli"
"http://trasparenza.nexacenter.org/id/LocazioniAttiveFrosinone","http://trasparenza.nexacenter.org/id/Pdf_vettoriale","http://trasparenza.comune.frosinone.it/archiviofile/frosinone/archivio_file/Documentazione_PDF/LOCALI_COMUNALI_IN_LOCAZIONE.pdf","http://trasparenza.comune.frosinone.it/pagina735_canoni-di-locazione-o-affitto.html",,1,1,0,0,0,1,1,0,0,0,1,0,,1,"http://it.dbpedia.org/resource/Frosinone"
"http://trasparenza.nexacenter.org/id/LocazioniAttiveIglesias",,,"http://www.comune.iglesias.ca.it/it/230/amministrazione-trasparente/826.825/canoni-di-locazione-o-affitto.html",,0,0,0,0,0,0,0,0,0,0,0,0,1,,"http://it.dbpedia.org/resource/Iglesias_%28Italia%29"
"http://trasparenza.nexacenter.org/id/LocazioniAttiveIsernia",,,"http://egov.hseweb.it/isernia/zf/index.php/trasparenza/index/index/categoria/123",,0,0,0,0,0,0,0,0,0,0,0,0,1,,"http://it.dbpedia.org/resource/Isernia"
"http://trasparenza.nexacenter.org/id/LocazioniAttiveRovigo","http://trasparenza.nexacenter.org/id/Html_tabellare","http://www.comune.rovigo.it/portal/page/portal/PG_PORTALE_METROPOLITANO/AB_COMUNEASSET1/PG_BACHECA/Amministrazione%20trasparente/Beni%20immobili%20e%20gestione%20patrimonio/Canoni%20di%20locazione%20o%20affitto","http://www.comune.rovigo.it/portal/page/portal/PG_PORTALE_METROPOLITANO/AB_COMUNEASSET1/PG_BACHECA/Amministrazione%20trasparente/Beni%20immobili%20e%20gestione%20patrimonio","Contratto Rep N , Contratto Data Stipula , Oggetto , Durata contratto , Canone locazione percepito , Canone locazione versato",1,1,0,1,0,1,1,0,1,1,1,0,,,"http://it.dbpedia.org/resource/Rovigo"
"http://trasparenza.nexacenter.org/id/LocazioniAttiveSalerno","http://trasparenza.nexacenter.org/id/Xls","http://www.comune.salerno.it/allegati/20518.xls","http://www.comune.salerno.it/client/scheda.aspx?scheda=5426&stile=4&ti=1","via/piazza ,	civ ,	città ,	fab. ,	sc. ,	liv. ,	int. , 	mq ,	annuale 2013",1,1,1,0,1,1,0,0,0,0,0,0,,,"http://it.dbpedia.org/resource/Salerno"
"http://trasparenza.nexacenter.org/id/LocazioniAttiveGenova","http://trasparenza.nexacenter.org/id/Csv","http://www.comune.genova.it/sites/default/files/contratti_patrimonio_e_demanio_comunale_1.csv","http://www.comune.genova.it/content/canoni-di-locazione-o-affitto","tipologia, indirizzo, canone annuo in euro, scadenza, mq., uso",1,1,0,1,1,1,1,0,0,1,0,1,,,"http://it.dbpedia.org/resource/Genova"
"http://trasparenza.nexacenter.org/id/LocazioniAttiveGiuglianoinCampania","http://trasparenza.nexacenter.org/id/Pdf_vettoriale","http://www.comune.giugliano.na.it/allegati/3669decreto_33-corretto__IMMOBILI_DATI_IN_LOCAZIONE.pdf","http://www.comune.giugliano.na.it/index.php?param=z&tipo=750&sottomenu=147&ufficio=385&serv=793","Intervento , Canoni Di Locazione o Di Affitto Percepiti al 31/12/2013 , Note",1,1,0,1,0,0,0,0,1,0,0,0,,,"http://it.dbpedia.org/resource/Giugliano_in_Campania"
"http://trasparenza.nexacenter.org/id/LocazioniAttiveGorizia","http://trasparenza.nexacenter.org/id/Pdf_vettoriale","http://www3.comune.gorizia.it/sites/default/files/Canoni%20locazione%20attivi.pdf","http://www3.comune.gorizia.it/it/beni-immobili-e-gestione-patrimonio","Nominativo , Indirizzo , Tipo , Canone Prec. , Istat , Nuovo Canone",1,1,0,0,0,1,0,0,0,0,1,0,,,"http://it.dbpedia.org/resource/Gorizia"
"http://trasparenza.nexacenter.org/id/LocazioniAttiveGrosseto","http://trasparenza.nexacenter.org/id/Ods","http://web.comune.grosseto.it/comune//fileadmin/user_upload/trasparenza/ELENCO-LOCAZIONI-CONCESSIONI-ATTIVE-2013.ods","http://web.comune.grosseto.it/comune//index.php?id=4018","CONDUTTORE ,	UBICAZIONE ,	Contratto , IMPORTO",1,0,0,0,0,1,1,0,0,0,1,0,,,"http://it.dbpedia.org/resource/Grosseto"
"http://trasparenza.nexacenter.org/id/LocazioniAttiveImperia","http://trasparenza.nexacenter.org/id/Pdf_vettoriale","http://www.comune.imperia.it/im/sites/default/files/trasparenza%20al%2031-12-2013%20canoni%20attivi%20e%20passivi%20esercizio%202013.pdf","http://www.comune.imperia.it/im/node/31","Concessionario/Conduttore , N.contratto , Data di stipula , Data di decorrenza , Data di scadenza , Descrizione della Concessione/Locazione , Tipologia di remunerazione , Canone in Unica soluzione: Ammontare , Anno di incasso , Canone periodico iniziale stabilito in contratto , Numero di anni per cui è corrisposto il canone periodico",1,0,0,0,0,1,1,1,1,1,1,1,,,"http://it.dbpedia.org/resource/Imperia"
"http://trasparenza.nexacenter.org/id/LocazioniAttivePavia","http://trasparenza.nexacenter.org/id/Doc","http://www.comune.pv.it/site/home/il-comune/amministrazione-trasparente/beni-immobili-e-gestione-patrimonio/documento13251.html","http://www.comune.pv.it/site/home/il-comune/amministrazione-trasparente/beni-immobili-e-gestione-patrimonio/docCatpatrimonio-immobiliare.2208.1.20.1.1.html",,1,0,0,1,0,1,0,0,0,0,0,0,,1,"http://it.dbpedia.org/resource/Pavia"
"http://trasparenza.nexacenter.org/id/LocazioniAttivePescara",,,"http://www.comune.pescara.it/internet/index.php?navBackPage=747&codice=77#canoni_di_locazione_e_affitto",,0,0,0,0,0,0,0,0,0,0,0,0,1,,"http://it.dbpedia.org/resource/Pescara"
"http://trasparenza.nexacenter.org/id/LocazioniAttiveSondrio",,,"http://www.comune.sondrio.it/site/home/aree-tematiche/amministrazione-trasparente/beni-immobili-e-gestione-patrimonio/canoni-di-locazione-o-affitto.html",,0,0,0,0,0,0,0,0,0,0,0,0,1,,"http://it.dbpedia.org/resource/Sondrio"
"http://trasparenza.nexacenter.org/id/LocazioniAttiveBolzano",,,"http://www.comune.bolzano.it/context.jsp?ID_LINK=4342&area=154",,0,0,0,0,0,0,0,0,0,0,0,0,1,,"http://it.dbpedia.org/resource/Bolzano"
"http://trasparenza.nexacenter.org/id/LocazioniAttiveViterbo","http://trasparenza.nexacenter.org/id/Pdf_vettoriale","http://www.comune.viterbo.it/flex/cm/pages/ServeAttachment.php/L/IT/D/6%252F0%252F7%252FD.06a791ebb138c592766d/P/BLOB%3AID%3D7444","http://www.comune.viterbo.it/flex/cm/pages/ServeBLOB.php/L/IT/IDPagina/7444","Tipologia , Indirizzo , Canone mensile , Canone annuale , Note",1,0,0,0,0,1,1,0,0,0,0,1,,,"http://it.dbpedia.org/resource/Viterbo"
"http://trasparenza.nexacenter.org/id/LocazioniAttiveOristano","http://trasparenza.nexacenter.org/id/Pdf_vettoriale","http://www.comune.oristano.it/.galleries/doc-amministrazione_trasparente/elenco_immobili_erp_in_locazione_attiva_2014.pdf","http://www.comune.oristano.it/it/amministrazione-trasparente/beni-immobili-e-gestione-patrimonio/canoni-di-locazione-o-affitto/","Ubicazione , Destinazione  , Superficie , Canone",1,1,0,1,1,1,0,0,0,0,0,0,,,"http://it.dbpedia.org/resource/Oristano"
"http://trasparenza.nexacenter.org/id/LocazioniAttivePadova","http://trasparenza.nexacenter.org/id/Csv","https://serviziweb4.comune.padova.it/pentaho/content/reporting/reportviewer/report.html?solution=Trasparenza&path=%2FReport&name=rpt_canoni_csv.prpt&userid=trasparenza&password=trasparenza&locale=it_IT","http://www.padovanet.it/dettaglio.jsp?tasstipo=S&tassid=2459&id=17630#.VDOykq2KhoA","Settore , Atto , Numero Atto , Data atto , Responsabile , Oggetto , Canone percepito , Canone versato",0,0,0,1,0,1,0,0,0,0,0,0,,,"http://it.dbpedia.org/resource/Padova"
"http://trasparenza.nexacenter.org/id/LocazioniAttivePalermo","http://trasparenza.nexacenter.org/id/Pdf_vettoriale","http://www.comune.palermo.it/js/server/uploads/trasparenza_all/_07052014192457.pdf","http://www.comune.palermo.it/amministrazione_trasparente.php?sel=14","indirizzo, civico, uso, canone 2013",1,1,0,1,0,1,1,0,0,0,0,0,,,"http://it.dbpedia.org/resource/Palermo"
"http://trasparenza.nexacenter.org/id/LocazioniAttiveParma","http://trasparenza.nexacenter.org/id/Xls","http://www.comune.parma.it/comune/Handlers/Document.ashx?ID=61f615f9-ca57-4006-bb1c-a9fe9905a7ca&tipo=ord","http://www.comune.parma.it/comune/Amministrazione-Trasparente_Beni-immobili-e-gestione-patrimonio/Canoni-di-locazione-o-affitto_m74.aspx","Concessionario , canone di concessione emissione 2013 , canone di concessione percepito nel  2013 , canone di concessione emissione 2014 , canone di concessione percepito nel  2014 , ubicazione immobile , finalità d'utilizzo , dimensioni",1,1,0,1,1,1,0,0,0,0,1,0,,,"http://it.dbpedia.org/resource/Parma"
"http://trasparenza.nexacenter.org/id/LocazioniAttivePerugia","http://trasparenza.nexacenter.org/id/Csv","http://www.comune.perugia.it/Resources/trasparenza/BeniImmobiliGestionePatrimonio/LocazioniAffittiPercepiti.csv","http://www.comune.perugia.it/pagine/canoni-di-locazione-o-affitto","conduttori, ubicazione immobile, canone annuo",1,0,0,0,0,1,1,0,0,0,1,0,,,"http://it.dbpedia.org/resource/Perugia"
"http://trasparenza.nexacenter.org/id/LocazioniAttivePesaro","http://trasparenza.nexacenter.org/id/Ods","http://www.comune.pesaro.pu.it/fileadmin/user_upload/ALLEGATI2007/AMMINISTRAZIONE_TRASPARENTE/PATRIMONIO/27_01_2014_fitti_attivi_educativi.ods","http://www.comune.pesaro.pu.it/index.php?id=15035","CONCESSIONARIO , CONTRATTO , UBICAZIONE IMMOBILE , UTILIZZO , CANONE  ANNUALE",1,1,0,1,0,1,1,0,0,0,1,0,,,"http://it.dbpedia.org/resource/Pesaro"
"http://trasparenza.nexacenter.org/id/LocazioniAttiveSassari","http://trasparenza.nexacenter.org/id/Pdf_vettoriale","http://www.comune.sassari.it/comune/amministrazione_trasparente/beni_immobili_patrimonio/incassi_patrimonio_disp.pdf","http://www.comune.sassari.it/comune/amministrazione_trasparente/beni_immobili_patrimonio/incassi_patrimonio_disp.pdf","Incassi , Importo",0,0,0,0,0,1,0,0,0,0,0,1,,,"http://it.dbpedia.org/resource/Sassari"
"http://trasparenza.nexacenter.org/id/LocazioniAttiveSavona","http://trasparenza.nexacenter.org/id/Pdf_vettoriale","http://cityportal.comune.savona.it:8087/cityportal/publicArea/FileSystemExplorer.jsf?baseDirId=3&directory=BeniMobilieGestionePatrimonio/CanonieAffitti","http://cityportal.comune.savona.it:8087/cityportal/publicArea/FileSystemExplorer.jsf?baseDirId=3&directory=BeniMobilieGestionePatrimonio/CanonieAffitti","Tipologia immobile , Conduttore/concessionario , Indirizzo , Civico , Canone mensile , Periodo  , Canone annuo",1,1,0,0,0,1,1,0,0,0,1,1,,,"http://it.dbpedia.org/resource/Savona"
"http://trasparenza.nexacenter.org/id/LocazioniAttiveSiena","http://trasparenza.nexacenter.org/id/Xls","http://www.comune.siena.it/content/download/25438/350175/file/trasparenza%20fitti%20attivi.xls","http://www.comune.siena.it/Il-Comune/Amministrazione-Trasparente/Beni-immobili-e-gestione-patrimonio/Canoni-di-locazione-o-affitto","DESTINAZIONE , UBICAZIONE  , CANONE 2014",1,1,0,1,0,1,0,0,0,0,0,0,,,"http://it.dbpedia.org/resource/Siena"
"http://trasparenza.nexacenter.org/id/LocazioniAttiveSiracusa","http://trasparenza.nexacenter.org/id/Pdf_vettoriale","http://www.gazzettaamministrativa.it/opencms/export/sites/default/_gazzetta_amministrativa/amministrazione_trasparente/_sicilia/_siracusa/140_ben_imm_ges_pat/020_can_loc_aff/2014/0002_Documenti_1392283265193/1392283269117_elenco_locazioni_dismesse_anno_20","http://www.gazzettaamministrativa.it/opencms/opencms/_gazzetta_amministrativa/amministrazione_trasparente/_sicilia/_siracusa/140_ben_imm_ges_pat/020_can_loc_aff/","Proprietario , Destinazione , Canone Annuo , Rilascio",0,0,0,0,0,1,1,0,1,0,1,0,,,"http://it.dbpedia.org/resource/Siracusa"
"http://trasparenza.nexacenter.org/id/LocazioniAttiveBologna","http://trasparenza.nexacenter.org/id/Pdf_vettoriale","http://www.comune.bologna.it/media/files/patrimonio__canoni_di_locazione_attivi_al_31122013.pdf","http://www.comune.bologna.it/trasparenza/contenuti/161:19989/","N° Contratto sap, Canone annuale (compresa iva se dovuta), Indirizzo immobile, Conduttore, Decorrenza, Scadenza",1,0,0,0,0,1,1,0,1,1,1,0,,,"http://it.dbpedia.org/resource/Bologna"
"http://trasparenza.nexacenter.org/id/LocazioniAttiveCampobasso","http://trasparenza.nexacenter.org/id/Pdf_raster","http://www.comune.campobasso.it/images/canoni%20locaz.percepiti%20e%20versati%202012.pdf","http://www.comune.campobasso.it/sa/sa_p_testo.php?x=&idservizio=10086&idtesto=344&idfoto=&&nodo=nodo13",,1,0,0,0,0,1,0,0,0,0,0,0,,1,"http://it.dbpedia.org/resource/Campobasso"
"http://trasparenza.nexacenter.org/id/LocazioniAttiveCagliari",,,"http://www.comune.cagliari.it/portale/it/trasparenza_beni_immobili.page",,0,0,0,0,0,0,0,0,0,0,0,0,1,,"http://it.dbpedia.org/resource/Cagliari"
"http://trasparenza.nexacenter.org/id/LocazioniAttiveCaltanissetta",,,"http://www.comune.caltanissetta.it/_applicazioni/ammaperta/frontoffice/documenti.aspx?44",,0,0,0,0,0,0,0,0,0,0,0,0,1,,"http://it.dbpedia.org/resource/Caltanissetta"
"http://trasparenza.nexacenter.org/id/LocazioniAttiveMantova",,,"http://www.comune.mantova.gov.it/index.php/home/area-documentale/category/289-canoni-di-locazione-o-affitto",,0,0,0,0,0,0,0,0,0,0,0,0,1,,"http://it.dbpedia.org/resource/Mantova"
"http://trasparenza.nexacenter.org/id/LocazioniAttiveBrescia","http://trasparenza.nexacenter.org/id/Pdf_vettoriale","http://www.comune.brescia.it/trasparenza/immobiliepatrimonio/canonieaffitti/Documents/Canoni%20riscossi%20anno%202013%20Aler%20e%20Comune.pdf","http://www.comune.brescia.it/trasparenza/immobiliepatrimonio/canonieaffitti/Pagine/Servizio-patrimonio-ed-inventari.aspx","Indirizzo Unità Immobiliare , Tipo , Canone Annuo , Gestione , Note",1,1,0,1,0,1,0,0,0,0,1,0,,,"http://it.dbpedia.org/resource/Brescia"
"http://trasparenza.nexacenter.org/id/LocazioniAttiveCarbonia","http://trasparenza.nexacenter.org/id/Pdf_vettoriale","http://www.comune.carbonia.ci.it/urbiportal/protected/documents/10345","http://www.comune.carbonia.ci.it/urbiportal/content/it_IT/6004.html","Immobile , Ubicazione , N. Alloggi , Proventi",1,0,0,0,0,1,0,0,0,0,0,1,,,"http://it.dbpedia.org/resource/Carbonia"
"http://trasparenza.nexacenter.org/id/LocazioniAttiveLaSpezia","http://trasparenza.nexacenter.org/id/Pdf_vettoriale","http://www.spezianet.it/export/sites/SPEZIAnet/ilcomune/trasparenza/documenti/LOCAZIONI_2014.pdf","http://www.spezianet.it/ilcomune/trasparenza/Beni_immobili_e_gestione_patrimonio.html","Dati immobile , Dimensione , Conduttore , Tipo di locazione , Canone annuo 2014",1,1,0,1,1,1,1,0,0,0,1,0,,,"http://it.dbpedia.org/resource/La_Spezia"
"http://trasparenza.nexacenter.org/id/LocazioniAttiveLatina","http://trasparenza.nexacenter.org/id/Pdf_vettoriale","http://www.comune.latina.it/a-10819/canoni-di-locazione-e-affitto/approvazione-piano-triennale-2013-2015-per-lindividuazione-di-misure-finalizzate-alla-razionalizzazione---comma-594-art-2-lett-c---dei-beni-immobili-a-uso-abitativo-o-di-servizio---legge-24","http://www.comune.latina.it/c-926/canoni-di-locazione-e-affitto","diritto reale, contratto, località",1,1,1,0,0,0,0,0,1,1,0,1,,,"http://it.dbpedia.org/resource/Latina"
"http://trasparenza.nexacenter.org/id/LocazioniAttiveLecce","http://trasparenza.nexacenter.org/id/Pdf_vettoriale","http://www.comune.lecce.it/docs/amministrazione-trasparente/immobili-primo-con-canone-mensile-affitto.pdf","http://www.comune.lecce.it/comune/amministrazione-trasparente/beni-immobili-e-gestione-patrimonio/canoni-di-locazione-o-affitto","Indirizzo , Fabbricato , Scala , N° Civico , Piano , Interno , Sup. Utile , Canone mensile",1,1,0,0,1,1,1,0,0,0,0,0,,,"http://it.dbpedia.org/resource/Lecce"
"http://trasparenza.nexacenter.org/id/LocazioniAttiveLecco","http://trasparenza.nexacenter.org/id/Csv","http://www.comune.lecco.it/resources/pagina/N142542ab7b1d9118353/N142542ab7b1d9118353/Elenco_locazioni_attive_agg.to2014.csv","http://www.comune.lecco.it/pagina.jhtml?param1_1=N142542ab7b1d9118353","Tipologia di contratto , Locatario ,  Ubicazione immobile locato , Estremi del contratto ,  Scadenza contrattuale , Canone annuo locazione  salvo agg. ISTAT , Attuale destinazione d'uso",1,0,0,1,0,0,0,0,1,1,1,0,,,"http://it.dbpedia.org/resource/Lecco"
"http://trasparenza.nexacenter.org/id/LocazioniAttiveLivorno","http://trasparenza.nexacenter.org/id/Pdf_vettoriale","http://www.comune.livorno.it/_livo/uploads/2014_08_6_14_18_09.pdf","http://www.comune.livorno.it/_livo/it/default/10123/Canoni-di-locazione-e-affitto.html","Indirizzo Immobile/Area , Superficie Immobile , Superficie Area , Canone Mensile (€) , Scadenza Contratto",1,1,0,0,1,1,1,0,0,1,0,0,,,"http://it.dbpedia.org/resource/Livorno"
"http://trasparenza.nexacenter.org/id/LocazioniAttiveLodi","http://trasparenza.nexacenter.org/id/Pdf_vettoriale","http://lodi.e-pal.it/L190/sezione/download/8551?sort=&idSezione=70","http://lodi.e-pal.it/L190/sezione/lista?sort=&idSezione=70","Contratto , Codice Inquilino , Codice UI , Dovuto , Versato , Stato conservazione , Categoria Catastale , Vani convenzionali , Vani analitici , Sup Utile , Subalterno , Rendita Catastale",0,0,1,1,1,1,0,0,0,0,0,0,,,"http://it.dbpedia.org/resource/Lodi"
"http://trasparenza.nexacenter.org/id/LocazioniAttiveLucca","http://trasparenza.nexacenter.org/id/Ods","http://www.comune.lucca.it/flex/cm/pages/ServeAttachment.php/L/IT/D/6%252F6%252F0%252FD.3f41d2e1a736cbbd14d2/P/BLOB%3AID%3D11739","http://www.comune.lucca.it/flex/cm/pages/ServeBLOB.php/L/IT/IDPagina/11739","CONTRAENTE , IMMOBILE ,	TIPO ATTO ,	DECORRENZA ,	SCADENZA , CANONE ANNUO , 	RIDUZIONE , CANONE ANNUO RIDOTTO , MQ. , NOTE",1,0,0,0,1,1,1,0,1,1,1,0,,,"http://it.dbpedia.org/resource/Lucca"
"http://trasparenza.nexacenter.org/id/LocazioniAttiveMacerata","http://trasparenza.nexacenter.org/id/Odt","http://www.comune.macerata.it/Engine/RAServeFile.php/f/Articolo30-20140731.odt","http://www.comune.macerata.it/Engine/RAServePG.php/P/179131CMC0207","Scheda immobile , Identificativo Immobile , Conduttore , importo",1,1,0,0,0,1,0,0,0,0,1,0,,,"http://it.dbpedia.org/resource/Macerata"
"http://trasparenza.nexacenter.org/id/LocazioniAttiveBrindisi","http://trasparenza.nexacenter.org/id/Pdf_raster","http://www.comune.brindisi.it/web/images/documenti/amministrazionetrasparente/patrimonio/elenco_locazioni_concessioni_attive_e_passive.pdf","http://www.comune.brindisi.it/web/beni-immobili-e-gestione-patrimonio/canoni-di-locazione-o-affitto.html",,1,0,0,1,0,1,1,0,0,0,0,1,,,"http://it.dbpedia.org/resource/Brindisi"
"http://trasparenza.nexacenter.org/id/LocazioniAttiveMessina",,,"http://www.comune.messina.it/amministrazione-trasparente/beni-immobili-e-gestione-del-patrimonio/",,0,0,0,0,0,0,0,0,0,0,0,0,1,,"http://it.dbpedia.org/resource/Messina"
"http://trasparenza.nexacenter.org/id/LocazioniAttiveVicenza",,,"http://www.comune.vicenza.it/amministrazione/trasparente/beniimmobili.php",,0,0,0,0,0,0,0,0,0,0,0,0,1,,"http://it.dbpedia.org/resource/Vicenza"
"http://trasparenza.nexacenter.org/id/LocazioniAttiveCosenza",,,"http://cosenza.etrasparenza.it/pagina735_canoni-di-locazione-o-affitto.html",,0,0,0,0,0,0,0,0,0,0,0,0,1,,"http://it.dbpedia.org/resource/Cosenza"
"http://trasparenza.nexacenter.org/id/LocazioniAttiveCremona",,,"http://www.comune.cremona.it/PostCE-CE_Browser-cat_id-563.phtml",,0,0,0,0,0,0,0,0,0,0,0,0,1,,"http://it.dbpedia.org/resource/Cremona"
"http://trasparenza.nexacenter.org/id/LocazioniAttiveMassa","http://trasparenza.nexacenter.org/id/Pdf_raster","http://trasparenza.comune.massa.ms.it/sites/trasparenza.sites/files/allegati/Atti_concessione_locazioni_attive_primo_semestre_2014.PDF","http://trasparenza.comune.massa.ms.it/node/7251","Dirigente , Settore , Descrizione Immobile , Canone annuo",1,0,0,0,0,1,0,0,0,0,0,0,,,"http://it.dbpedia.org/resource/Massa_%28Italia%29"
"http://trasparenza.nexacenter.org/id/LocazioniAttiveMatera","http://trasparenza.nexacenter.org/id/Pdf_vettoriale","http://www.comune.matera.it/images/FITTIATTIVI.pdf","http://www.comune.matera.it/it/beni-immobili-e-gestione-patrimonio/canoni-di-locazione-o-affitto","Tipologia del bene , Indirizzo del bene , Canone annuo",1,0,0,0,0,1,1,0,0,0,0,1,,,"http://it.dbpedia.org/resource/Matera"
"http://trasparenza.nexacenter.org/id/LocazioniAttiveVerona","http://trasparenza.nexacenter.org/id/Csv","http://www.comune.verona.it/bannertrack/most_download.cfm?referredUrl=media//_ComVR/Cdr/Patrimonio/Allegati/TRASPARENZA/Locazioni_attive_1_sem_2014.csv&title=Contratti%20di%20locazione%20attivi%201%20sem%202014%20%28csv%29","http://www.comune.verona.it/nqcontent.cfm?a_id=42964","PROPRIETA' , INDIRIZZO , Dati catastali , MQ. , UTILIZZO , CONTRATTO , SCADENZA CONTRATTO , CANONE ANNUO",1,0,1,0,1,1,1,0,0,1,0,0,,,"http://it.dbpedia.org/resource/Verona"
"http://trasparenza.nexacenter.org/id/LocazioniAttiveVillacidro","http://trasparenza.nexacenter.org/id/Pdf_vettoriale","http://www.comune.villacidro.vs.it/Amministrazione/amministrazionetrasparente/uploadamministrazionetrasparente/Canoni_di_locazione_percepiti_dal_Comune_fabbricati.pdf","http://www.comune.villacidro.vs.it/Amministrazione/amministrazionetrasparente/canonidilocazioneeaffitto.html","Denominazione immobile , ubicazione ,  destinazione , canone annuo",1,0,0,1,0,1,1,0,0,0,0,1,,,"http://it.dbpedia.org/resource/Villacidro"
"http://trasparenza.nexacenter.org/id/LocazioniAttiveTrani","http://trasparenza.nexacenter.org/id/Xls","http://www.comune.trani.bt.it/userfiles/files/AmmTrasparente/Patrimonio/fitti_attivi_2014.xls","http://www.comune.trani.bt.it/AmministrazioneTrasparente/Dataview.aspx?id=421","PROPRIETA' , UBICAZIONE	, LOCATARIO E/O CONCESSIONARIO , CONTRATTO , SCADENZA ,	CANONE MENSILE	, CANONE ANNUALE , PREVISIONE 2014 , RISORSA , TOTALE DELLA RISORSA",1,0,0,0,0,1,1,0,0,0,1,1,,,"http://it.dbpedia.org/resource/Trani"
"http://trasparenza.nexacenter.org/id/LocazioniAttiveTrapani","http://trasparenza.nexacenter.org/id/Pdf_vettoriale","http://www.comune.trapani.it/web/attachments/article/1093/FITTI.pdf","http://www.comune.trapani.it/web/index.php/beni-immobili-e-gestione-patrimonio/122-amministrazione-trasparente/1093-canoni-di-locazione-e-affitto","Immobili , Ubicazione , Conduttore , Importo canone annuo , numero di contratto , Data di stipula , Canone del 2013",1,0,0,0,0,1,1,0,1,0,1,0,,,"http://it.dbpedia.org/resource/Trapani"
"http://trasparenza.nexacenter.org/id/LocazioniAttiveComo","http://trasparenza.nexacenter.org/id/Xls","http://www.comune.como.it/export/sites/como/uffici-comunali/area-opere-pubbliche/settore-patrimonio/patrimonio/servizi/tabella/Ricognizione_locazioni.xls","http://www.comune.como.it/amministrazione-trasparente/beni-immobili-e-gestione-patrimonio/patrimonio-immobiliare/","IMMOBILE VIA/PIAZZA , CONDUTTORE ATTUALE , DIR. REALE , DIR. A FAV. TERZ , CANONE 2011 ,	SUPERFICIE , N. CONTRATTO , DEL , SCADENZA CONTRATTO",1,0,0,0,1,1,0,0,1,1,1,0,,,"http://it.dbpedia.org/resource/Como"
"http://trasparenza.nexacenter.org/id/LocazioniAttiveCrotone","http://trasparenza.nexacenter.org/id/Html","http://www.contrasparenza.it/id16-arg82-det570----Uffici-tributi---Comune-di-Crotone","http://www.contrasparenza.it/id16-arg82-Canoni-di-locazione-e-affitto","utilizzo immobile , ubiacazione , beneficiario , importo mensile",1,0,0,1,0,1,1,0,0,0,1,0,,,"http://it.dbpedia.org/resource/Crotone"
"http://trasparenza.nexacenter.org/id/LocazioniAttiveMilano","http://trasparenza.nexacenter.org/id/Xls",,"http://www.comune.milano.it/portale/wps/portal/CDM?WCM_GLOBAL_CONTEXT=/wps/wcm/connect/contentlibrary/Elenco%2BSiti%2Btematici/Elenco%2BSiti%2Btematici/Amministrazione%2Baperta/Beni%2Bimmobili%2Be%2Bgestione%2Bpatrimonio/Canoni%2Bdi%2Blocazione%2Bo%2Baffi","INDIRIZZO IMMOBILE, CANONE PERCEPITO 2013 (euro)",1,1,0,0,0,1,0,0,0,0,0,0,,,"http://it.dbpedia.org/resource/Milano"
"http://trasparenza.nexacenter.org/id/LocazioniAttiveTaranto","http://trasparenza.nexacenter.org/id/Pdf_vettoriale","http://www.gazzettaamministrativa.it/opencms/export/sites/default/_gazzetta_amministrativa/amministrazione_trasparente/_puglia/_taranto/140_ben_imm_ges_pat/020_can_loc_aff/2013/Documenti_1374156773203/1374156773687_canoni.pdf","http://www.gazzettaamministrativa.it/opencms/opencms/_gazzetta_amministrativa/amministrazione_trasparente/_puglia/_taranto/140_ben_imm_ges_pat/020_can_loc_aff/","Totale Percepito",0,0,0,1,0,1,0,0,0,0,0,0,,1,"http://it.dbpedia.org/resource/Taranto"
"http://trasparenza.nexacenter.org/id/LocazioniAttiveFoggia",,,"http://www.comune.foggia.it/amministrazione-trasparente/beni-immobili-e-gestione-patrimonio/canoni-di-locazione-o-affitto/",,0,0,0,0,0,0,0,0,0,0,0,0,1,,"http://it.dbpedia.org/resource/Foggia"
"http://trasparenza.nexacenter.org/id/LocazioniAttiveFermo","http://trasparenza.nexacenter.org/id/Xls","http://www.comune.fermo.it/it/4821/","http://www.comune.fermo.it/it/canoni-di-locazione-e-affitto/","Locatario , Ubicazione , Tipologia , Importo annuo , Canone mensile",1,0,0,0,0,1,1,0,0,0,1,1,,,"http://it.dbpedia.org/resource/Fermo"
"http://trasparenza.nexacenter.org/id/LocazioniAttiveFerrara","http://trasparenza.nexacenter.org/id/Ods","http://www.comune.fe.it/attach/trasparenza/docs/patrimonio/fitti_attivi_30-01-2014.ods","http://www.comune.fe.it/index.phtml?id=3695","INDIRIZZO , MQ ,	COGNOME/NOME ,	CANONE 2013 ,	DATA INIZIO COMPETENZA CANONE ,	DATA SCADENZA CONTRATTO",1,0,0,0,1,1,0,0,1,1,0,0,,,"http://it.dbpedia.org/resource/Ferrara"
"http://trasparenza.nexacenter.org/id/LocazioniAttiveFirenze","http://trasparenza.nexacenter.org/id/Pdf_vettoriale","http://www.comune.fi.it/materiali/trasparenza/canoni_percepiti.pdf","http://www.comune.fi.it/export/sites/retecivica/comune_firenze/Amministrazione_Trasparente/Beni_immobili.html","Descrizione indirizzo, N° civico, Comune, Tipo, Codice, Canone annuale",1,1,0,0,0,1,1,0,0,0,0,0,,,"http://it.dbpedia.org/resource/Firenze"
"http://trasparenza.nexacenter.org/id/LocazioniAttiveForl-C3-AC","http://trasparenza.nexacenter.org/id/Pdf_vettoriale","http://www.comune.forli.fc.it/servizi/gestionedocumentale/visualizzadocumento.aspx?ID=35959","http://www.comune.forli.fc.it/servizi/menu/dinamica.aspx?idArea=166672&idCat=166728&ID=166778","Nr.Loc , NOMINATIVO SOGGETTO , UBICAZIONE IMMOBILE Via/Piazza/ , TITOLO UTILIZZO –LOCAZIONE O CONCESSIONE , TIPOLOGIA UTILIZZO IMMOBILE , CANONE ANNUO",1,1,0,1,0,1,0,0,0,0,1,0,,,"http://it.dbpedia.org/resource/Forl%C3%AC"
"http://trasparenza.nexacenter.org/id/LocazioniAttiveMonza","http://trasparenza.nexacenter.org/id/Csv","http://www.comune.monza.it/portale/DOCUMENTI/comunemonza/trasparenza/CANONI_PERCEPITI_2013.csv","http://www.comune.monza.it/portale/monzacomune/amministrazione_trasparente/beni_immobili/canoni_locazione","DESCRIZIONE , VIA , MQ. , CANONE ANNUO 2013",1,1,1,0,1,1,0,0,0,0,0,1,,,"http://it.dbpedia.org/resource/Monza"
"http://trasparenza.nexacenter.org/id/LocazioniAttiveNapoli","http://trasparenza.nexacenter.org/id/Csv","http://www.comune.napoli.it/flex/cm/pages/ServeAttachment.php/L/IT/D/9%252F2%252F4%252FD.de972a538418df14d929/P/BLOB%3AID%3D22103","http://www.comune.napoli.it/flex/cm/pages/ServeBLOB.php/L/IT/IDPagina/22103","Codice Identificativo Immobile, Tipologia dell'Immobile, Struttura dell'Immobile, TIPO_VIA, DESCRIZIONE_VIA, CIVICO, CAP, Comune, SCALA, PIANO, INTERNO, QUARTIERE, MUNICIPALITA, CANONE_MENSILE",1,1,0,1,0,1,1,0,0,0,0,1,,,"http://it.dbpedia.org/resource/Napoli"
"http://trasparenza.nexacenter.org/id/LocazioniAttiveNuoro","http://trasparenza.nexacenter.org/id/Pdf_vettoriale","http://www.comune.nuoro.it/media/downloads/AmmTrasparente/PatrimonioImmobiliare/ComuneNuoro_SedePM_Locazione.pdf","http://www.comune.nuoro.it/index.php/Beni_immobili_e_gestione_patrimonio/Canoni_di_locazione_o_affitto-C","Settore Competente , Destinazione , Indirizzo , Estremi Catastali , Atto , Scadenza , Canone Anno",1,1,1,1,1,1,1,0,1,1,0,0,,,"http://it.dbpedia.org/resource/Nuoro"
"http://trasparenza.nexacenter.org/id/LocazioniAttiveOlbia","http://trasparenza.nexacenter.org/id/Pdf_vettoriale","http://www.comune.olbia.ot.it/index.php?option=com_docman&task=doc_view&gid=4720&tmpl=component&format=raw&Itemid=447","http://www.comune.olbia.ot.it/index.php?option=com_docman&task=cat_view&gid=1556","Locatario , Immobile Comunale , Importo percepito",1,0,0,0,0,1,0,0,0,0,1,0,,,"http://it.dbpedia.org/resource/Olbia"
"http://trasparenza.nexacenter.org/id/LocazioniAttiveTempioPausania","http://trasparenza.nexacenter.org/id/Pdf_vettoriale","http://www.comune.tempiopausania.ot.it/attachments/article/2124/LOCAZIONI%20ATTIVE%202014.pdf","http://www.comune.tempiopausania.ot.it/index.php?option=com_content&view=category&id=378&Itemid=139","Debitore, Ubicazione, Destinazione, Tipologia cessione, Importo annuo 2014, Note",1,0,0,0,0,1,1,0,0,0,1,1,,,"http://it.dbpedia.org/resource/Tempio_Pausania"
"http://trasparenza.nexacenter.org/id/LocazioniAttiveTeramo","http://trasparenza.nexacenter.org/id/Pdf_vettoriale","http://www.comune.teramo.it/uploads/contents/c_84/fitti_attivi.pdf","http://www.comune.teramo.it/index.php?id=196","Ubicazione immobile , Canone annuale",1,1,0,0,0,1,1,0,0,0,0,0,,,"http://it.dbpedia.org/resource/Teramo"
"http://trasparenza.nexacenter.org/id/LocazioniAttiveTerni","http://trasparenza.nexacenter.org/id/Csv","http://www.comune.terni.it/amministrazione_trasparente/files/allegati/2014/fittiattivifabbricatieterreni2014_1401974317.csv","http://www.comune.terni.it/trasp/at/content/canoni-di-locazione-e-affitto","Locatario o concessionario , estremi del contratto , VIA , CITTA , OGGETTO , IMPORTO ANNUO del canone , IMPORTO IVA",1,1,0,1,0,1,1,0,1,1,1,0,,,"http://it.dbpedia.org/resource/Terni"
"http://trasparenza.nexacenter.org/id/LocazioniAttivePiacenza","http://trasparenza.nexacenter.org/id/Rtf","http://www.comune.piacenza.it/comune/trasparenza/amministrazionetrasparente/beniimmobiliepatrimonio/patrimonio-immobiliare/patrimonio-immobiliare/at_download/file","http://www.comune.piacenza.it/comune/trasparenza/amministrazionetrasparente/beniimmobiliepatrimonio/patrimonio-immobiliare/patrimonio-immobiliare/view","Ubicazione , Tipologia , Durata della concessione , Canone a carico del concessionario , Concessionario / scopo della concessione / utilizzo del bene",1,0,0,1,0,1,0,0,1,1,1,1,,,"http://it.dbpedia.org/resource/Piacenza"
"http://trasparenza.nexacenter.org/id/LocazioniAttivePordenone",,,"http://www.comune.pordenone.it/it/comune/amministrazione-trasparente/beni-immobili-e-gestione-patrimonio/canoni-di-locazione-o-affitto",,0,0,0,0,0,0,0,0,0,0,0,0,1,,"http://it.dbpedia.org/resource/Pordenone"
"http://trasparenza.nexacenter.org/id/LocazioniAttiveSanluri",,,"http://www.comune.sanluri.vs.it/servizi/Menu/dinamica.aspx?idArea=20047&idCat=20074&ID=20074&TipoElemento=categoria",,0,0,0,0,0,0,0,0,0,0,0,0,1,,"http://it.dbpedia.org/resource/Sanluri"
"http://trasparenza.nexacenter.org/id/LocazioniAttivePotenza",,,,,0,0,0,0,0,0,0,0,0,0,0,0,1,,"http://it.dbpedia.org/resource/Potenza_%28Italia%29"
"http://trasparenza.nexacenter.org/id/LocazioniAttivePisa","http://trasparenza.nexacenter.org/id/Csv","http://www.comune.pisa.it/uploads/2014_10_3_11_50_22.csv","http://www.comune.pisa.it/it/ufficio-scheda/13352/Canoni-di-locazione-o-affitto.html","Debitore , Descrizione , Ubicazione Immobile , Destinazione , Tipologia Cessione , Importo 2014",1,0,0,1,0,1,0,0,0,0,1,1,,,"http://it.dbpedia.org/resource/Pisa"
"http://trasparenza.nexacenter.org/id/LocazioniAttivePistoia","http://trasparenza.nexacenter.org/id/Pdf_vettoriale","http://www.comune.pistoia.it/media/43/sezione_beni_e_patrimonio/LOCAZIONI_ATTIVE_file_n._6.pdf","http://www.comune.pistoia.it/2215/beni%20immobili%20e%20gestione%20del%20patrimonio","Data stipula , Repertorio/anno , Oggetto , Locatori , Canone annuale",1,1,0,0,0,1,1,0,1,0,1,1,,,"http://it.dbpedia.org/resource/Pistoia"
"http://trasparenza.nexacenter.org/id/LocazioniAttiveModena","http://trasparenza.nexacenter.org/id/Xls","http://www.comune.modena.it/il-comune/amministrazione-trasparente/beni-immobili-e-gestione-patrimonio/canoni-di-locazione-o-affitto/canoni-di-locazione-o-di-affitto-percepiti-1/fabbricati-xls","http://www.comune.modena.it/il-comune/amministrazione-trasparente/beni-immobili-e-gestione-patrimonio/canoni-di-locazione-o-affitto/canoni-di-locazione-o-di-affitto-percepiti","VIA , FOGLIO , MAPPALE , CLASSIFICAZIONE , UTILIZZO , INTESTATARIO CONTRATTO , CANONE , INTESTATARIO CONTRATTO , TIPO ATTIVITA' , NATURA ATTO , CANONE ANNUALE  , PERCENTUALE DI RIDUZIONE SUL CANONE",1,1,1,1,1,1,1,0,0,0,1,0,,,"http://it.dbpedia.org/resource/Modena"
"http://trasparenza.nexacenter.org/id/LocazioniAttiveCatanzaro","http://trasparenza.nexacenter.org/id/Pdf_vettoriale","http://www.comunecatanzaro.it/images/Trasparenza/canoni/canoni_immobili_attivi_e_passivi.pdf","http://www.comunecatanzaro.it/index.php/amministrazione-trasparente/115-beni-immobili-e-gestione-patrimonio/391-canoni-di-locazione-e-affitto",,0,0,0,0,0,1,0,0,0,0,0,0,,1,"http://it.dbpedia.org/resource/Catanzaro"
"http://trasparenza.nexacenter.org/id/LocazioniAttiveTrento",,,"http://www.comune.trento.it/Comune/Organizzazione-comunale/Amministrazione-trasparente/Beni-immobili-e-gestione-patrimonio/Canoni-di-locazione-e-affitto",,0,0,0,0,0,0,0,0,0,0,0,0,1,,"http://it.dbpedia.org/resource/Trento"
"http://trasparenza.nexacenter.org/id/LocazioniAttiveTreviso",,,"http://www.comune.treviso.it/index.php?view=article&catid=223%3Abeni-immobili-e-gestione-patrimonio&id=8583%3Acanoni-di-locazione-o-affitto&option=com_content&Itemid=904",,0,0,0,0,0,0,0,0,0,0,0,0,1,,"http://it.dbpedia.org/resource/Treviso"
"http://trasparenza.nexacenter.org/id/LocazioniAttiveTrieste","http://trasparenza.nexacenter.org/id/Pdf_raster","http://www.retecivica.trieste.it/new/admin/allegati_up/allegati//elenco_debitori_2013.pdf","http://www.retecivica.trieste.it/new/default.asp?pagina=-&ids=71&id_sx=&tipo=blocchi_dx_1023&tabella_padre=dx&id_padre=1023","Debitore, Ubicazione, Descrizione, Destinazione Uso, Tipologia Debito, Importo 2013",1,0,0,1,0,1,0,0,0,0,1,1,,,"http://it.dbpedia.org/resource/Trieste"
"http://trasparenza.nexacenter.org/id/LocazioniAttiveUdine","http://trasparenza.nexacenter.org/id/Ods","http://www.comune.udine.it/opencms/opencms/release/ComuneUdine/comune/Nuovo_progetto_trasparenza/beni_immobili_e_gestione_patrimonio/Canoni_locazione_affitto.html?style=1","http://www.comune.udine.it/opencms/opencms/release/ComuneUdine/comune/Nuovo_progetto_trasparenza/beni_immobili_e_gestione_patrimonio/?style=1","DATI CATASTALI IMMOBILE, DESCRIZIONE, UBICAZIONE IMMOBILE, N. CIVICO, NOTE, CANONE MENSILE 2013",1,1,1,0,1,1,1,0,0,0,0,1,,,"http://it.dbpedia.org/resource/Udine"
"http://trasparenza.nexacenter.org/id/LocazioniAttiveUrbino","http://trasparenza.nexacenter.org/id/Pdf_raster","http://www.gazzettaamministrativa.it/opencms/export/sites/default/_gazzetta_amministrativa/amministrazione_trasparente/_marche/_urbino/140_ben_imm_ges_pat/020_can_loc_aff/2014/0001_Documenti_1391112029216/1391112030763_canoni_di_locazione_attivi_e_passivi","http://www.gazzettaamministrativa.it/opencms/opencms/_gazzetta_amministrativa/amministrazione_trasparente/_marche/_urbino/140_ben_imm_ges_pat/020_can_loc_aff/","Intestatario contratto , Ubicazione dell'immobile , cap. , Città , Importo versato anno 2013",1,1,0,0,0,1,0,0,0,0,1,0,,,"http://it.dbpedia.org/resource/Urbino"
"http://trasparenza.nexacenter.org/id/LocazioniAttiveVarese","http://trasparenza.nexacenter.org/id/Pdf_vettoriale","http://www.comune.varese.it/si4web/common/AmvDownload.jsp?ID_BLOB=96112&saveAS=Canoni%20incassi_agosto%202014.pdf&mimetype=application/pdf","http://www.comune.varese.it/si4web/common/AmvDocumentoInfo.do?MVVC=amvdocui&ID=7526&REV=5&MVPD=0&MVTD=1&MVSZ=425","Data , Indirizzo , Causale , Importo , Totale per Immobile",1,1,0,0,0,1,1,0,0,0,0,0,,,"http://it.dbpedia.org/resource/Varese"
"http://trasparenza.nexacenter.org/id/LocazioniAttiveVenezia","http://trasparenza.nexacenter.org/id/Pdf_vettoriale","http://www.comune.venezia.it/flex/cm/pages/ServeAttachment.php/L/IT/D/c%252Fa%252F6%252FD.c1cb9e0379c9bdc9413d/P/BLOB%3AID%3D64032","http://www.comune.venezia.it/flex/cm/pages/ServeBLOB.php/L/IT/IDPagina/64032","Indirizzo, Uso, Conduttore, Canone Annuo 2013",1,0,0,1,0,1,0,0,0,0,1,0,,,"http://it.dbpedia.org/resource/Venezia"
"http://trasparenza.nexacenter.org/id/LocazioniAttiveViboValentia","http://trasparenza.nexacenter.org/id/Pdf_vettoriale","http://www.gazzettaamministrativa.it/opencms/export/sites/default/_gazzetta_amministrativa/amministrazione_trasparente/_calabria/_vibo_valentia/140_ben_imm_ges_pat/020_can_loc_aff/2014/Documenti_1410863534117/1410863789648_fitti_attivi_2014.pdf","http://www.gazzettaamministrativa.it/opencms/opencms/_gazzetta_amministrativa/amministrazione_trasparente/_calabria/_vibo_valentia/140_ben_imm_ges_pat/020_can_loc_aff/","Localizzazione , Canone annuo",1,0,0,0,0,1,1,0,0,0,0,0,,,"http://it.dbpedia.org/resource/Vibo_Valentia"
"http://trasparenza.nexacenter.org/id/LocazioniAttiveCaserta","http://trasparenza.nexacenter.org/id/Pdf_vettoriale","http://trasparenza.comune.caserta.it/archiviofile/caserta/archivio_file/trasparenza/Patrimonio/Fitti_attivi_e_passivi_aggiornamento_2014.pdf","http://trasparenza.comune.caserta.it/pagina735_canoni-di-locazione-o-affitto.html","Contratto o delibera e ubicazione Immobile , Conduttore , Durata , Canone Annuo , Cap. , NOTE",1,1,0,0,0,1,1,0,1,0,1,1,,,"http://it.dbpedia.org/resource/Caserta"
"http://trasparenza.nexacenter.org/id/LocazioniAttiveCatania","http://trasparenza.nexacenter.org/id/Ods","http://www.comune.catania.it/amministrazione-trasparente/beni-immobili-e-gestione-del-patrimonio/documenti/canoni-locazione-o-affitto/alloggi-edilizia-residenziale-pubblica-affitti-2013.zip","http://www.comune.catania.it/amministrazione-trasparente/beni-immobili-e-gestione-del-patrimonio/canoni-di-locazione-o-affitto.aspx","IMMOBILI				Numero alloggi Totali , Numero alloggi venduti , Numero alloggi ceduti in affitto , Totale fitto attivo",1,1,0,0,0,1,0,0,0,0,0,0,,,"http://it.dbpedia.org/resource/Catania"
"http://trasparenza.nexacenter.org/id/LocazioniAttiveCesena","http://trasparenza.nexacenter.org/id/Pdf_vettoriale","http://www.comune.cesena.fc.it/flex/cm/pages/ServeAttachment.php/L/IT/D/d%252Fc%252Fa%252FD.c5c8715decc5d38fd8b5/P/BLOB%3AID%3D14149","http://www.comune.cesena.fc.it/trasparenza/immobiliepatrimonio","Tipo,Codice, Codice ISTAT,Comune,Foglio, Particella,Identificativi catastali,Canone annuo, Descrizione Subalterno, Tipologia contratto",1,0,1,0,0,1,1,0,0,0,0,1,,,"http://it.dbpedia.org/resource/Cesena"
"http://trasparenza.nexacenter.org/id/LocazioniAttiveChieti","http://trasparenza.nexacenter.org/id/Xls","http://www.gazzettaamministrativa.it/opencms/export/sites/default/_gazzetta_amministrativa/amministrazione_trasparente/_abruzzo/_chieti/140_ben_imm_ges_pat/020_can_loc_aff/2014/0001_Documenti_1392835064185/1392835065505_locazioni_per_trasparenza.xls","http://www.gazzettaamministrativa.it/opencms/opencms/_gazzetta_amministrativa/amministrazione_trasparente/_abruzzo/_chieti/140_ben_imm_ges_pat/020_can_loc_aff/","Canone Mensile ,	Parcheggio ,	Canone annuo",0,0,0,0,0,1,1,0,0,0,1,0,,,"http://it.dbpedia.org/resource/Chieti"
"http://trasparenza.nexacenter.org/id/LocazioniAttiveEnna","http://trasparenza.nexacenter.org/id/Pdf_vettoriale","http://www.comune.enna.it/index.php/beni-immobili-e-gestione-patrimonio/item/download/266_907ec549a8854e57aa1681f7ccb8c036","http://www.comune.enna.it/index.php/beni-immobili-e-gestione-patrimonio/itemlist/category/284-canoni-di-locazione-o-affitto","n° contratto , data contratto , indirizzo immobile , tipologia , canone annuale",1,0,0,1,0,1,1,0,1,0,0,1,,,"http://it.dbpedia.org/resource/Enna"
"http://trasparenza.nexacenter.org/id/LocazioniAttiveLanusei","http://trasparenza.nexacenter.org/id/Xls","http://www.comunedilanusei.it/trasparenza/sites/default/files/allegati/locazioni%202013REV.xls","http://www.comunedilanusei.it/trasparenza/?q=amministrazione-trasparente/beni-immobili-e-gestione-patrimonio/canoni-di-locazione-o-affitto","Oggetto , Ubicazione ,  Riferimento N. contratto / data , Locatario , Importo",1,0,0,0,0,1,0,0,1,0,1,0,,,"http://it.dbpedia.org/resource/Lanusei"
