"dataset","formato","URLdataset","URLsezione","tracciaRecordAttributi","UbicazionePresenzaAttributo","IndirizzoCompletoPresenzaAttributo","DatiCatastaliPresenzaAttributo","SuperficiePresenzaAttributo","PeriodoCostruzionePresenzaAttributo","ValoreAttualePresenzaAttributo","NonPubblicato","PubblicatoMale","URIdbpediaEnte"
"http://trasparenza.nexacenter.org/id/PatrimonioImmobiliareAndria","http://trasparenza.nexacenter.org/id/Pdf_raster","http://www.comune.andria.bt.it/public/tvm/64/fabbricati%20demaniali.pdf","http://www.comune.andria.bt.it/at1.asp?id1=14","Unità Immobiliari , Valore , Quota , Residuo , Fondo",1,1,1,1,0,1,,1,"http://it.dbpedia.org/resource/Andria"
"http://trasparenza.nexacenter.org/id/PatrimonioImmobiliareBari","http://trasparenza.nexacenter.org/id/Pdf_vettoriale","http://www.comune.bari.it/portal/pls/portal/docs/1/1016840.PDF","http://www.comune.bari.it/portal/page/portal/bari/comune/amministrazioneTrasparente/beniImmobiliEGestionePatrimonio",,1,1,1,1,1,1,,1,"http://it.dbpedia.org/resource/Bari"
"http://trasparenza.nexacenter.org/id/PatrimonioImmobiliareReggionell-27Emilia","http://trasparenza.nexacenter.org/id/Pdf_vettoriale","http://www.municipio.re.it/retecivica/urp/retecivi.nsf/PESIdDoc/3E998892F7DE2FABC1257C700037F3B4/%24file/2013%20-%20Informazioni%20identificative%20degli%20immobili%20posseduti.pdf","http://www.municipio.re.it/retecivica/urp/retecivi.nsf/PESDocumentID/3E998892F7DE2FABC1257C700037F3B4?opendocument&FROM=lncdcntrttpssvdlCmn",,1,0,0,0,0,0,,1,"http://it.dbpedia.org/resource/Reggio_nell%27Emilia"
"http://trasparenza.nexacenter.org/id/PatrimonioImmobiliareAvellino",,,"http://www.comune.avellino.it/amministrazionetrasparente/patrimonio/patrimonio.php",,0,0,0,0,0,0,1,,"http://it.dbpedia.org/resource/Avellino"
"http://trasparenza.nexacenter.org/id/PatrimonioImmobiliareL-27Aquila",,,"http://trasparenza.comune.laquila.gov.it/pagina734_patrimonio-immobiliare.html",,0,0,0,0,0,0,1,,"http://it.dbpedia.org/resource/L%27Aquila"
"http://trasparenza.nexacenter.org/id/PatrimonioImmobiliareBiella",,,,,0,0,0,0,0,0,1,,"http://it.dbpedia.org/resource/Biella"
"http://trasparenza.nexacenter.org/id/PatrimonioImmobiliareAgrigento","http://trasparenza.nexacenter.org/id/Pdf_vettoriale","http://www.comune.agrigento.it/download/atti_on_line/anno%202013/elenco_beni_immobili.pdf","http://www.contrasparenza.it/id11-arg81-det73530-Patrimonio-immobiliare-%28art.-30%29","data inserimento , valore , Rif Arch , Descrizione , Foglio , Num , Sub , Cat , ID",0,0,1,0,0,1,,,"http://it.dbpedia.org/resource/Agrigento"
"http://trasparenza.nexacenter.org/id/PatrimonioImmobiliareAlessandria","http://trasparenza.nexacenter.org/id/Pdf_vettoriale","http://www.comune.alessandria.it/flex/cm/pages/ServeAttachment.php/L/IT/D/7%252F6%252Fc%252FD.cb5688efdd55fdd55661/P/BLOB%3AID%3D9623","http://www.comune.alessandria.it/flex/cm/pages/ServeBLOB.php/L/IT/IDPagina/9623","cod. viario, n.inv., via. n. civico, circoscrizione, uso, foglio, mappale, sub, piani, vani, mq lordi, categoria UTE, r.c. presunta, valore",1,1,1,1,0,1,,,"http://it.dbpedia.org/resource/Alessandria"
"http://trasparenza.nexacenter.org/id/PatrimonioImmobiliareArezzo","http://trasparenza.nexacenter.org/id/Pdf_vettoriale","http://www.comune.arezzo.it/il-comne/direzione-generale/ufficio-patrimonio/trasparenza/patrimonio-immobiliare/files/elenco-immobili-in-proprieta.pdf","http://www.comune.arezzo.it/il-comune/direzione-generale/ufficio-patrimonio/trasparenza/patrimonio-immobiliare","Tipologia , Categoria , Numero inventario , sub , Descrizione dell'immobile",1,0,0,0,0,0,,,"http://it.dbpedia.org/resource/Arezzo"
"http://trasparenza.nexacenter.org/id/PatrimonioImmobiliareAscoliPiceno","http://trasparenza.nexacenter.org/id/Ods","http://www.comuneap.gov.it/flex/cm/pages/ServeAttachment.php/L/IT/D/4%252Fa%252F6%252FD.11a0f875f2af21b84259/P/BLOB%3AID%3D5829","http://www.comuneap.gov.it/flex/cm/pages/ServeBLOB.php/L/IT/IDPagina/5829","immobile , ubicazione",1,0,0,0,0,0,,,"http://it.dbpedia.org/resource/Ascoli_Piceno"
"http://trasparenza.nexacenter.org/id/PatrimonioImmobiliareBarletta","http://trasparenza.nexacenter.org/id/Pdf_vettoriale","http://www.comune.barletta.ba.it/retecivica/ammtrasp/file/Elenco%20Immobili%20Comunali%2024%2010%202013%20%20A.pdf.p7m","http://www.comune.barletta.ba.it/retecivica/ammtrasp/14.1.patr_imm.html","Immobile , Indirizzo , Fab/Ter , Foglio ,Sub , Cat , Vani , Mq",1,1,1,1,0,0,,,"http://it.dbpedia.org/resource/Barletta"
"http://trasparenza.nexacenter.org/id/PatrimonioImmobiliareBelluno","http://trasparenza.nexacenter.org/id/Html_tabellare","http://cdn1.regione.veneto.it/alfstreaming-servlet/streamer/resourceId/1508d72d-b13a-41fd-80a6-1499b93cdfc7/terreni_31_12_2013","http://www.comune.belluno.it/web/belluno/area-istituzionale/amministrazione-trasparente?p_p_id=ALFRESCO_MYPORTAL_CONTENT_PROXY_WAR_myportalportlet_INSTANCE_Yl0I&p_p_lifecycle=1&p_p_state=normal&p_p_mode=view&p_p_col_id=column-3&p_p_col_count=1&template=/r","Descrizione del bene , Indirizzo , Foglio , Particella , Bene Silvo-pastorale , Uso civico",1,0,1,0,0,0,,,"http://it.dbpedia.org/resource/Belluno"
"http://trasparenza.nexacenter.org/id/PatrimonioImmobiliareBenevento","http://trasparenza.nexacenter.org/id/Pdf_vettoriale","http://www.comune.benevento.it/bn2_pagine/trasparenza/14Beni%20immobili/ERP.pdf","http://www.comune.benevento.it/bn2_pagine/trasparenza/14Beni%20immobili/Patrimonio_immobiliare.php","Immobile, ubicaizone, foglio,particella, sub, z.c., cat., classe, consistenza, sup. cat.le, rnedita, canone annuo",1,1,1,1,0,0,,,"http://it.dbpedia.org/resource/Benevento"
"http://trasparenza.nexacenter.org/id/PatrimonioImmobiliareBergamo","http://trasparenza.nexacenter.org/id/Xls","http://www.comune.bergamo.it/servizi/gestionedocumentale/visualizzadocumento.aspx?ID=23312","http://www.comune.bergamo.it/servizi/menu/dinamica.aspx?idArea=41291&idCat=41291&ID=41291","NATURA_BENE ,	STATO_ACCATAST ,	TIPO_CATASTO , LOCALIZZAZIONE , INDIRIZZO ,	CIVICO ,	DENOMINAZIONE ,	COMUNE	 , COMUNE_T ,	SEZ_AMM , SEZ_CATASTO , FOGLIO , 	FOGLIO_T ,	MAPPALE , MAPPALE_T ,	DEN_T ,	TIPO_T ,	SUBALT ,	TIPO_UTILIZZO ,	COMPROPR , TIPO_FABBR ,	TIPO_TERRENO ,	STATO_UTILIZZO ,	 FINALITA_FABB ,	FINALITA_TERR ,	ALTRA_FINALITA ,	NAT_GIURID , 	SUP.LORDA ,	CUBATURA ,	SUP.PERTINENZA ,	VAL.CONTO PATR. ,	VAL.MERCATO ,	ANNO_STIMA , 	EPOCA_COSTR ,	VINCOLI ,	TERR_EDIFICABILE ,	DIR_SUPERFICIE ,	 IPOTECHE ,	PROPRIETARIO ,	ALTROPROP , NOTE",1,1,1,1,1,1,,,"http://it.dbpedia.org/resource/Bergamo"
"http://trasparenza.nexacenter.org/id/PatrimonioImmobiliareCuneo","http://trasparenza.nexacenter.org/id/Pdf_vettoriale","http://www.comune.cuneo.gov.it/amministrazione-trasparente/beni-immobili-e-gestione-patrimonio/patrimonio-immobiliare.html","http://www.comune.cuneo.gov.it/amministrazione-trasparente/beni-immobili-e-gestione-patrimonio/","identificativo immobile, descrizione, valore attuale di bilancio",0,0,1,0,0,1,,,"http://it.dbpedia.org/resource/Cuneo"
"http://trasparenza.nexacenter.org/id/PatrimonioImmobiliareNovara","http://trasparenza.nexacenter.org/id/Csv","http://www.comune.novara.it/comune/trasparenza/amministrazioneTrasparente/csv/beniImmobili.csv","http://www.comune.novara.it/comune/trasparenza/amministrazioneTrasparente/beniImmobili/patrimonioImmobiliare.php","Natura del bene, Stato di accatastamento, Tipo di catasto, Localizzazione Geografica, Indirizzo, Numero civico, Denominazione del bene, Codice Comune (Ordinario), Codice Comune (Tavolare), Sezione Amministrativa/Censuaria, Sezione Urbana Catasto, Foglio Catasto (Ordinario), Foglio Catasto (Tavolare), Particella/Mappale Catasto (Ordinario), Particella/Mappale Catasto (Tavolare), Denominatore Catasto (Tavolare), Tipo Particella Catasto (Tavolare), Subalterno, Titolo di utilizzo/detenzione, Immobile/terreno in comproprietà, Tipologia dell'immobile, Tipologia del terreno, Utilizzo del bene immobile, Finalità (Fabbricati), Finalità (Terreni), Altra Finalita (specificare), Natura giuridica del bene, Superficie (mq), Cubatura (mc), Superficie aree pertinenziali (mq), Valore di bilancio dell'unità immobiliare/terreno, Valore di mercato dell'unità immobiliare/terreno, Anno della stima del valore di mercato, Epoca di costruzione dell'immobile, Vincolo culturale Paesaggistico, Terreno edificabile, Diritti di superficie esistenti a favore di terzi, Iscrizione di ipoteche sul bene, Proprietario, Altro Ente Proprietario, Note/Osservazioni",1,1,1,1,1,1,,,"http://it.dbpedia.org/resource/Novara"
"http://trasparenza.nexacenter.org/id/PatrimonioImmobiliareRoma","http://trasparenza.nexacenter.org/id/Pdf_vettoriale","http://www.comune.roma.it/PCR/resources/cms/documents/RESIDENZIALE1.pdf","http://www.comune.roma.it/wps/portal/pcr?jppagecode=dip_ben_imm.wp","comune, matricola ibu, matricola uib, tipo uib, indirizzo, civico, scala, piano, interno, municipio",1,1,1,0,0,0,,,"http://it.dbpedia.org/resource/Roma"
"http://trasparenza.nexacenter.org/id/PatrimonioImmobiliareTorino","http://trasparenza.nexacenter.org/id/Csv","http://www.comune.torino.it/amministrazionetrasparente/bm~doc/immobili_2013.csv","http://www.comune.torino.it/amministrazionetrasparente/beni-immobili/patrimonio/index.shtml","comune,indirizzo, numero civico, tipologia immobile",1,1,0,0,0,0,,,"http://it.dbpedia.org/resource/Torino"
"http://trasparenza.nexacenter.org/id/PatrimonioImmobiliareTortol-C3-AC","http://trasparenza.nexacenter.org/id/Pdf_vettoriale","http://www.comuneditortoli.it/portale_comune/public/allegati_contenuti/1025432816_PIANO_ALIENAZIONI_2012.pdf","http://www.comuneditortoli.it/portale_comune/portale/dettagli_contenuto.asp?id_contenuto=322","Descrizione dell'immobile e relativa ubicazione , attuale destinazione ,  FG , Particella , sub. , Superficie mq  , Valore al mq ,  Valore , Intervento previsto , 2012 , 2013 , 2014",1,1,1,1,0,1,,,"http://it.dbpedia.org/resource/Tortol%C3%AC"
"http://trasparenza.nexacenter.org/id/PatrimonioImmobiliareVerbania","http://trasparenza.nexacenter.org/id/Doc","http://www.comune.verbania.it/content/download/18644/196428/file/da%20pubblicare%20-%2019_09_2013%20.doc","http://www.comune.verbania.it/Amministrazione/Amministrazione-Trasparente/Beni-immobili-e-gestione-patrimonio/Patrimonio-immobiliare","immobile, locatario, contratti,canone 2012, indirizzo, tipologia, scadenza",1,0,0,0,0,0,,,"http://it.dbpedia.org/resource/Verbania"
"http://trasparenza.nexacenter.org/id/PatrimonioImmobiliareVercelli","http://trasparenza.nexacenter.org/id/Xls","http://www.comune.vercelli.it/cms/it/download-documenti-e-moduli/patrimonio-immobiliare/download.html","http://www.comune.vercelli.it/cms/it/amministrazione-trasparente/beni-immobili-e-gestione-patrimonio.html?Itemid=677","codice, descrizione, unita' immobil. denominatore, foglio di mappa n°mappale/ particella, categoria catastale classe catastale, comune censuraio, reddito catastale, reddito effettivo",0,0,1,0,0,0,,,"http://it.dbpedia.org/resource/Vercelli"
"http://trasparenza.nexacenter.org/id/PatrimonioImmobiliarePrato","http://trasparenza.nexacenter.org/id/Xls","http://www.comune.prato.it/trasparenza/immobili-patrimonio/patrimonio-immobiliare/xls/patrimonio-immobiliare-2013.xls","http://www.comune.prato.it/trasparenza/immobili-patrimonio/patrimonio-immobiliare/home.htm","Codice inventario comunale ,	Denominazione del bene immobiliare , Ubicazione , Proprietà , Classe Giuridica , Classe Inventariale , Valore di Acquisizione , Superficie  lorda in mq , Sup. Netta , Superficie esterna in mq",1,0,0,1,0,1,,,"http://it.dbpedia.org/resource/Prato"
"http://trasparenza.nexacenter.org/id/PatrimonioImmobiliareRagusa","http://trasparenza.nexacenter.org/id/Pdf_vettoriale","http://www.comune.ragusa.gov.it/amministrazione/_allegati/_beni_immobili/patrimonio_2014.pdf","http://www.comune.ragusa.gov.it/amministrazione/beni_immobili.html","Intestatario , Catasto , Titolarità , Verifica ,  Ubicazione , Foglio , Part.la , Sub , C.tg , Classamento , classe , consistenza , Partita , Dati Catastali , Vincoli , Mq. , Dati , Tipologia Bene ,  Valore  , viabilità , Stato conservativo , Stima odierna",1,0,1,1,0,1,,,"http://it.dbpedia.org/resource/Ragusa"
"http://trasparenza.nexacenter.org/id/PatrimonioImmobiliareRavenna","http://trasparenza.nexacenter.org/id/Pdf_vettoriale","http://www.comune.ra.it/content/download/417038/4879629/file/TERRENI%20%202012trasparenza.pdf","http://www.comune.ra.it/Amministrazione-Trasparente/Beni-immobili-e-gestione-patrimonio/Patrimonio-immobiliare","C. Imm Descrizione Immobile , CAP_COMUNE , DESCRIZIONE_LOCALI , INDIRIZZO , COMUNE_CATASTA , SEZIONE_PARTICELLA , SUPERFICIE_TOTALE , MISU_VALORE , NATURA_GIURIDICA , FOGLIO_CATASTALE",1,1,1,0,0,1,,,"http://it.dbpedia.org/resource/Ravenna"
"http://trasparenza.nexacenter.org/id/PatrimonioImmobiliareReggioCalabria","http://trasparenza.nexacenter.org/id/Xls","http://www.reggiocal.it/on-line/Home/AreeTematiche/AmministrazioneTrasparente/Beniimmobiliegestionepatrimonio/documento110581.html","http://www.reggiocal.it/on-line/Home/AreeTematiche/AmministrazioneTrasparente/Beniimmobiliegestionepatrimonio/Patrimonioimmobiliare.html","progr. , località ,fg , part , natura , categ. , superficie , destinaz",1,0,1,1,0,0,,,"http://it.dbpedia.org/resource/Reggio_Calabria"
"http://trasparenza.nexacenter.org/id/PatrimonioImmobiliareRieti","http://trasparenza.nexacenter.org/id/Pdf_vettoriale","http://93.57.94.158:8080/dms/werwer/beni-immobili-e-gestione-patrimonio/patrimonio-immobiliare/terreni/terreni_belmonte.pdf","http://93.57.94.158:8080/home/amministrazione-trasparente/beni-immobili-e-gestione-patrimonio/patrimonio-immobiliare.html","Foglio , Mapp , Porz , Ubicazione , Qualità , Classe , Consistenza , Redd. Dom. , Redd. Agr.  , Valore",1,0,1,0,0,1,,,"http://it.dbpedia.org/resource/Rieti"
"http://trasparenza.nexacenter.org/id/PatrimonioImmobiliareRimini","http://trasparenza.nexacenter.org/id/Csv","http://www.comune.rimini.it/filo_diretto/open_data/-patrimonio/pagina38.html","http://www.comune.rimini.it/servizi/amministrazione_trasparente/gestione_patrimonio/patrimonio_immobiliare_trasparenza/","USO , OGGETTO , SCHEDA , VIA , CIVICO , ESPONENTE , FOGLIO , MAPPALE , SUBALTERNO",1,1,1,0,0,0,,,"http://it.dbpedia.org/resource/Rimini"
"http://trasparenza.nexacenter.org/id/PatrimonioImmobiliareAsti","http://trasparenza.nexacenter.org/id/Pdf_vettoriale","http://asti.etrasparenza.it/archiviofile/asti/archivio_file/Immobili.pdf",,"Natura bene, stato, indirizzo, codice comune, sezione (empty), sez urbana (empty), foglio, particella, denom., tipo particella, Sub.",1,1,1,0,1,1,,,"http://it.dbpedia.org/resource/Asti"
"http://trasparenza.nexacenter.org/id/PatrimonioImmobiliareAosta","http://trasparenza.nexacenter.org/id/Ods","http://trasparenza.partout.it/wrapper/download/3993","http://trasparenza.partout.it/wrapper/download/3993",,1,1,1,0,0,0,,,"http://it.dbpedia.org/resource/Aosta"
"http://trasparenza.nexacenter.org/id/PatrimonioImmobiliareAncona","http://trasparenza.nexacenter.org/id/Ods","http://www.comune.ancona.it/ankonline/it/amministrazione_trasparente/patrimonio/immobiliare/inventario-beni-immobili-2013.html",,,1,1,1,0,0,0,,,"http://it.dbpedia.org/resource/Ancona"
"http://trasparenza.nexacenter.org/id/PatrimonioImmobiliareImperia","http://trasparenza.nexacenter.org/id/Pdf_vettoriale","http://www.comune.imperia.it/im/sites/default/files/IMMOBILI.zip","http://www.comune.imperia.it/im/node/29","Ubicazione , Descrizione sommaria dell'immobile , Titolo , Descrizione Impiantistica , Provenienza , Dati catastali , Confini , Annotazioni , Responsabile , Categoria , Aliquota ammortamento , Sub-categoria , Valore del bene , Fondo ammortamento , Residuo da ammortizzare",1,1,1,0,0,1,,1,"http://it.dbpedia.org/resource/Imperia"
"http://trasparenza.nexacenter.org/id/PatrimonioImmobiliareSalerno",,,"http://www.comune.salerno.it/client/scheda.aspx?scheda=5426&stile=4&ti=1",,0,0,0,0,0,0,1,,"http://it.dbpedia.org/resource/Salerno"
"http://trasparenza.nexacenter.org/id/PatrimonioImmobiliareIglesias",,,"http://www.comune.iglesias.ca.it/it/230/amministrazione-trasparente/827.825/patrimonio-immobiliare-.html",,0,0,0,0,0,0,1,,"http://it.dbpedia.org/resource/Iglesias_%28Italia%29"
"http://trasparenza.nexacenter.org/id/PatrimonioImmobiliareIsernia",,,"http://egov.hseweb.it/isernia/zf/index.php/trasparenza/index/index/categoria/122",,0,0,0,0,0,0,1,,"http://it.dbpedia.org/resource/Isernia"
"http://trasparenza.nexacenter.org/id/PatrimonioImmobiliareRovigo","http://trasparenza.nexacenter.org/id/Pdf_vettoriale","http://www.comune.rovigo.it/MyPortal/comuneRovigo/extra/uffici/cdg/PATRIMONIO-IMMOBILIARE-COMUNE-DI-ROVIGO-INVENTARIO_2012.pdf","http://www.comune.rovigo.it/portal/page/portal/PG_PORTALE_METROPOLITANO/AB_COMUNEASSET1/PG_BACHECA/Amministrazione%20trasparente/Beni%20immobili%20e%20gestione%20patrimonio","Descrizione raggruppamento , Cod. , Descrizione Denominazione , Dist.ne , Descrizione ,  Descrizione uso , Ubicazione , Data acquisto , Descrizione titolo , Stato monumento , Valutazione , Valore inventario",1,1,0,0,1,1,,,"http://it.dbpedia.org/resource/Rovigo"
"http://trasparenza.nexacenter.org/id/PatrimonioImmobiliareFrosinone","http://trasparenza.nexacenter.org/id/Pdf_vettoriale","http://trasparenza.comune.frosinone.it/archiviofile/frosinone/archivio_file/Documentazione_PDF/ELENCO_FABBRICATI_PROPRIETA_COMUNALE.pdf","http://trasparenza.comune.frosinone.it/pagina734_patrimonio-immobiliare.html","Tipologia , Descrizione , Categoria , Ubicazione Catastale , Foglio , Part. , Sub , Part1 , Sub1 , zona Cens. , Categ. , Classe , Vani , Sup. mq , Vol mc , Rendita Catastale , Valore da Rendita Catastale , Valore al Costo",1,1,1,1,0,1,,,"http://it.dbpedia.org/resource/Frosinone"
"http://trasparenza.nexacenter.org/id/PatrimonioImmobiliareGenova","http://trasparenza.nexacenter.org/id/Csv","http://www.comune.genova.it/sites/default/files/trasparenza_arte.csv","http://www.comune.genova.it/content/patrimonio-immobiliare","Proprietà, Municipio, Quartiere, Codice Strada Comune di Genova, Via, Civ, nt",1,1,0,0,0,0,,,"http://it.dbpedia.org/resource/Genova"
"http://trasparenza.nexacenter.org/id/PatrimonioImmobiliareGiuglianoinCampania","http://trasparenza.nexacenter.org/id/Pdf_vettoriale","http://www.comune.giugliano.na.it/allegati/3847INVENTARIO_DEI_BENI_IMMOBILI_PATRIMONIALI.pdf","http://www.comune.giugliano.na.it/index.php?param=z&tipo=749&sottomenu=147&ufficio=385&serv=793","DENOMINAZIONE ED UBICAZIONE DEI BENI ,  DESCRIZIONE SOMMARIA , TITOLO , VALORE IN EURO ,  OSSERVAZION",1,1,1,1,1,1,,,"http://it.dbpedia.org/resource/Giugliano_in_Campania"
"http://trasparenza.nexacenter.org/id/PatrimonioImmobiliareGorizia","http://trasparenza.nexacenter.org/id/Pdf_raster","http://www3.comune.gorizia.it/sites/default/files/Patrimonio%20immobiliare%2031122012.pdf","http://www3.comune.gorizia.it/en/node/9183","COD , Ubicazione , p.c. , Val. 01.01.2012 , Var. 2012 , Val. 31.12.2012",1,1,0,0,0,1,,,"http://it.dbpedia.org/resource/Gorizia"
"http://trasparenza.nexacenter.org/id/PatrimonioImmobiliareGrosseto","http://trasparenza.nexacenter.org/id/Pdf_vettoriale","http://web.comune.grosseto.it/comune//fileadmin/user_upload/trasparenza/governo_territorio/Elenco_immobili_fabbricati_Comune_di_Grosseto_2012.pdf","http://web.comune.grosseto.it/comune//index.php?id=4017","Indirizzo , F. , Num. , Sub. , Cat.  , Rendita",1,1,1,0,0,1,,,"http://it.dbpedia.org/resource/Grosseto"
"http://trasparenza.nexacenter.org/id/PatrimonioImmobiliareBolzano",,,"http://www.comune.bolzano.it/context.jsp?ID_LINK=4341&area=154",,0,0,0,0,0,0,1,,"http://it.dbpedia.org/resource/Bolzano"
"http://trasparenza.nexacenter.org/id/PatrimonioImmobiliareViterbo","http://trasparenza.nexacenter.org/id/Pdf_vettoriale","http://www.comune.viterbo.it/flex/cm/pages/ServeAttachment.php/L/IT/D/4%252F8%252F9%252FD.a1d20f47249144dd0dfa/P/BLOB%3AID%3D7449","http://www.comune.viterbo.it/flex/cm/pages/ServeBLOB.php/L/IT/IDPagina/7449","utilizzo , Attività commerciali alloggi e terreni in locazione , ubicazione , rendita catastale , mq , valore fiscale ,  in uso , canone mensile",1,1,0,1,0,1,,,"http://it.dbpedia.org/resource/Viterbo"
"http://trasparenza.nexacenter.org/id/PatrimonioImmobiliareOristano","http://trasparenza.nexacenter.org/id/Pdf_vettoriale","http://www.comune.oristano.it/.galleries/doc-amministrazione_trasparente/fabbricatipatrimonioDISPONIBILE.pdf","http://www.comune.oristano.it/it/amministrazione-trasparente/beni-immobili-e-gestione-patrimonio/patrimonio-immobiliare/","ID , Descrizione , Comune , Data di Acquisizione",1,1,0,0,0,0,,,"http://it.dbpedia.org/resource/Oristano"
"http://trasparenza.nexacenter.org/id/PatrimonioImmobiliarePadova","http://trasparenza.nexacenter.org/id/Pdf_vettoriale","http://www.padovanet.it/allegati/C_1_Allegati_17123_Allegato.pdf","http://www.padovanet.it/dettaglio.jsp?tasstipo=S&tassid=2457&id=17629#.VDOzCq2KhoA","Tipo , Comune , Via ,  Nome via , CANONE INIZIALE DA CONTRATTO ,  CANONE AGGIORNATO , Foglio NCTR , area , locali , uso , CT Fg , CT mapp",1,1,1,0,0,1,,,"http://it.dbpedia.org/resource/Padova"
"http://trasparenza.nexacenter.org/id/PatrimonioImmobiliarePalermo","http://trasparenza.nexacenter.org/id/Pdf_vettoriale","http://www.comune.palermo.it/js/server/uploads/trasparenza_all/_07052014193658.pdf","http://www.comune.palermo.it/amministrazione_trasparente.php?sel=14","descrizione/tipologia, natura del bene, indirizzo",1,0,0,0,0,0,,,"http://it.dbpedia.org/resource/Palermo"
"http://trasparenza.nexacenter.org/id/PatrimonioImmobiliareParma","http://trasparenza.nexacenter.org/id/Xls","http://www.comune.parma.it/comune/Handlers/Document.ashx?id=d2c0dcea-f4fe-4235-8f76-332c38156c97&tipo=ord","http://www.comune.parma.it/comune/Amministrazione-Trasparente_Beni-immobili-e-gestione-patrimonio/Patrimonio-immobiliare_m73.aspx#Beni%20immobili","COD_EDIF , Quartiere , n. Quart. , Gestione , bilancio anno , DENOMINAZIONE , destinazione , Comune , F. , map. CT , map. CEU , tipo_via , via , PD-PI-D , Valore di Bilancio al 31/12/2012",1,0,1,0,0,1,,,"http://it.dbpedia.org/resource/Parma"
"http://trasparenza.nexacenter.org/id/PatrimonioImmobiliarePavia","http://trasparenza.nexacenter.org/id/Csv","http://www.comune.pv.it/site/home/il-comune/amministrazione-trasparente/beni-immobili-e-gestione-patrimonio/documento13249.html","http://www.comune.pv.it/site/home/il-comune/amministrazione-trasparente/beni-immobili-e-gestione-patrimonio/docCatpatrimonio-immobiliare.2208.1.20.1.1.html","Natura del bene , Stato di accatastamento ,	Tipo di catasto , Localizzazione Geografica , Indirizzo , Numero civico , Denominazione del bene	, Codice Comune (Ordinario) , Codice Comune (Tavolare)	, Sezione Amministrativa/Censuaria , Sezione Urbana Catasto , Foglio Catasto (Ordinario) , Foglio Catasto (Tavolare) , Particella/Mappale Catasto (Ordinario) , Particella/Mappale Catasto (Tavolare) , Denominatore , Catasto (Tavolare) , Tipo Particella Catasto (Tavolare) , Subalterno ,	Titolo di utilizzo/detenzione , Immobile/terreno in comproprietà	, Tipologia dell'immobile ,	Tipologia del terreno ,	Utilizzo del bene immobile ,	Finalità (Fabbricati) ,	Finalità(Terreni) ,	Altra Finalita (specificare) ,	Natura giuridica del bene	Superficie (mq) ,Cubatura (mc) , Superficie aree pertinenziali (mq) , Valore di bilancio dell'unità immobiliare/tereno , Valore di mercato dell'unità immobiliare/terreno , Anno della stima del valore di mercato , Epoca di costruzione dell'immobile ,	Vincolo culturale Paesaggistico , Terreno edificabile ,	Diritti di superficie esistenti a favore di terzi ,	Iscrizione di ipoteche sul bene	Proprietario ,	Altro Ente Proprietario , Note/Osservazioni",1,0,1,1,0,0,,,"http://it.dbpedia.org/resource/Pavia"
"http://trasparenza.nexacenter.org/id/PatrimonioImmobiliarePesaro","http://trasparenza.nexacenter.org/id/Xls","http://www.comune.pesaro.pu.it/fileadmin/user_upload/ALLEGATI2007/AMMINISTRAZIONE_TRASPARENTE/PATRIMONIO/2014_07_31_FABBRICATI.xls","http://www.comune.pesaro.pu.it/index.php?id=15034","Immobile , Scheda_Patrimoniale , Cond.Giuridica , Cap_Comune ,	Indirizzo ,	Numero_Civico , Comune_Catastale , Sezione_Catastale , Foglio_Catastale ,	Particella_Catastale , Subalterno_Catastale",1,1,1,0,0,0,,,"http://it.dbpedia.org/resource/Pesaro"
"http://trasparenza.nexacenter.org/id/PatrimonioImmobiliarePescara","http://trasparenza.nexacenter.org/id/Pdf_vettoriale","http://www.comune.pescara.it/UserFiles/utenti/File/trasparenza/patrimonio_immobiliare.pdf","http://www.comune.pescara.it/internet/index.php?navBackPage=747&codice=77","Edificio , Via , Anno Costr. , Anno Ristrutt. , FG , PART. , Cat.",1,0,1,0,1,0,,,"http://it.dbpedia.org/resource/Pescara"
"http://trasparenza.nexacenter.org/id/PatrimonioImmobiliareSassari","http://trasparenza.nexacenter.org/id/Pdf_vettoriale","http://www.comune.sassari.it/comune/amministrazione_trasparente/beni_immobili_patrimonio/elenco_unita_immobiliari_comune_di_sassari.pdf","http://www.comune.sassari.it/comune/amministrazione_trasparente/beni_immobili_patrimonio/patrimonio_immobiliare.htm","Comune , Foglio , Mappale , Sub. , Indirizzo , Natura , Destinazione Catastale , Zona , Cat. , CL , Consist.",1,0,1,1,0,0,,,"http://it.dbpedia.org/resource/Sassari"
"http://trasparenza.nexacenter.org/id/PatrimonioImmobiliareSavona","http://trasparenza.nexacenter.org/id/Pdf_vettoriale","http://cityportal.comune.savona.it:8087/cityportal/publicArea/FileSystemExplorer.jsf?baseDirId=3&directory=BeniMobilieGestionePatrimonio/PatrimonioImmobiliare","http://cityportal.comune.savona.it:8087/cityportal/publicArea/FileSystemExplorer.jsf?baseDirId=3&directory=BeniMobilieGestionePatrimonio/PatrimonioImmobiliare","Comune , Indirizzo , FOglio , Particella , Sub , Descrizione , Utilizzo",1,0,1,0,0,0,,,"http://it.dbpedia.org/resource/Savona"
"http://trasparenza.nexacenter.org/id/PatrimonioImmobiliareSiena","http://trasparenza.nexacenter.org/id/Xls","http://www.comune.siena.it/content/download/25437/350164/file/TRASPARENZA%20immobili%20non%20abitativo%20di%20propriet%C3%A0.xls","http://www.comune.siena.it/Il-Comune/Amministrazione-Trasparente/Beni-immobili-e-gestione-patrimonio/Patrimonio-immobiliare","DENOMINAZIONE , Foglio , p.lla , Sub. , INDIRIZZO E/O LOCALITA’",1,1,1,0,0,0,,,"http://it.dbpedia.org/resource/Siena"
"http://trasparenza.nexacenter.org/id/PatrimonioImmobiliareSiracusa","http://trasparenza.nexacenter.org/id/Pdf_vettoriale","http://www.gazzettaamministrativa.it/opencms/export/sites/default/_gazzetta_amministrativa/amministrazione_trasparente/_sicilia/_siracusa/140_ben_imm_ges_pat/010_pat_imm/2014/0002_Documenti_1392282461169/1392282462529_beni_immobili_di_proprietx_comunale_i","http://www.gazzettaamministrativa.it/opencms/opencms/_gazzetta_amministrativa/amministrazione_trasparente/_sicilia/_siracusa/140_ben_imm_ges_pat/010_pat_imm/","Immobile , Concessionario , Canone , Titolo Concessorio , Data Concessione",1,0,0,0,0,1,,,"http://it.dbpedia.org/resource/Siracusa"
"http://trasparenza.nexacenter.org/id/PatrimonioImmobiliareSondrio","http://trasparenza.nexacenter.org/id/Pdf_vettoriale","http://www.comune.sondrio.it/site/home/documento1724181.html","http://www.comune.sondrio.it/site/home/aree-tematiche/amministrazione-trasparente/beni-immobili-e-gestione-patrimonio/patrimonio-immobiliare.html","Codice fiscale Ente , Destinazione ente , Regione , provincia , comune , indirizzo , numero civico , CAP , stato di accatastamento , tipo bene",1,1,0,0,0,0,,,"http://it.dbpedia.org/resource/Sondrio"
"http://trasparenza.nexacenter.org/id/PatrimonioImmobiliareBologna","http://trasparenza.nexacenter.org/id/Pdf_vettoriale","http://www.comune.bologna.it/media/files/patrimonio_fabbricati_312122013.pdf","http://www.comune.bologna.it/trasparenza/contenuti/161:19989/","Comune, Quartiere, Indirizzo, Civico, Destinazione, Consistenza fabbricato",1,1,0,0,0,0,,,"http://it.dbpedia.org/resource/Bologna"
"http://trasparenza.nexacenter.org/id/PatrimonioImmobiliarePerugia","http://trasparenza.nexacenter.org/id/Csv","http://www.comune.perugia.it/Resources/trasparenza/BeniImmobiliGestionePatrimonio/ImmobiliPosseduti.csv","http://www.comune.perugia.it/pagine/patrimonio-immobiliare",,1,1,1,1,0,0,,,"http://it.dbpedia.org/resource/Perugia"
"http://trasparenza.nexacenter.org/id/PatrimonioImmobiliareLodi","http://trasparenza.nexacenter.org/id/Pdf_vettoriale","http://lodi.e-pal.it/L190/sezione/download/14023?sort=&idSezione=69","http://lodi.e-pal.it/L190/sezione/lista?sort=&idSezione=69","Denominazione , Ubicazione , Estremi catastali , Tipo e stato strutture , Dati normativi , Documenti , Valorizzazione - data-importo-descrizione-tipo costo",1,1,1,0,1,1,,1,"http://it.dbpedia.org/resource/Lodi"
"http://trasparenza.nexacenter.org/id/PatrimonioImmobiliareCampobasso","http://trasparenza.nexacenter.org/id/Pdf_raster","http://www.comune.campobasso.it/images/inventario%20beni%20immobili.pdf","http://www.comune.campobasso.it/sa/sa_p_testo.php?x=&idservizio=10086&idtesto=344&idfoto=&&nodo=nodo13",,1,0,1,0,0,0,,1,"http://it.dbpedia.org/resource/Campobasso"
"http://trasparenza.nexacenter.org/id/PatrimonioImmobiliareCagliari",,,"http://www.comune.cagliari.it/portale/it/trasparenza_beni_immobili.page",,0,0,0,0,0,0,1,,"http://it.dbpedia.org/resource/Cagliari"
"http://trasparenza.nexacenter.org/id/PatrimonioImmobiliareCaltanissetta",,,"http://www.comune.caltanissetta.it/_applicazioni/ammaperta/frontoffice/documenti.aspx?43",,0,0,0,0,0,0,1,,"http://it.dbpedia.org/resource/Caltanissetta"
"http://trasparenza.nexacenter.org/id/PatrimonioImmobiliareMantova",,,"http://www.comune.mantova.gov.it/index.php/home/area-documentale/category/288-patrimonio-immobiliare",,0,0,0,0,0,0,1,,"http://it.dbpedia.org/resource/Mantova"
"http://trasparenza.nexacenter.org/id/PatrimonioImmobiliareBrescia","http://trasparenza.nexacenter.org/id/Pdf_vettoriale","http://www.comune.brescia.it/trasparenza/immobiliepatrimonio/canonieaffitti/Documents/Elenco%20immobili%20comunali%202013.pdf","http://www.comune.brescia.it/trasparenza/immobiliepatrimonio/canonieaffitti/Pagine/Servizio-patrimonio-ed-inventari.aspx","Cod. Imm. , Ubicaz. Unit. Imm. , Destinaz. , Sez. Cens. , Fog. Fabb. , Mapp. Fabb. , Sub , Fog. Ter. ,  Mapp.Ter",1,1,1,0,0,0,,,"http://it.dbpedia.org/resource/Brescia"
"http://trasparenza.nexacenter.org/id/PatrimonioImmobiliareBrindisi","http://trasparenza.nexacenter.org/id/Pdf_vettoriale","http://www.comune.brindisi.it/web/images/documenti/amministrazionetrasparente/patrimonio/BRINDISI_Inventario.pdf","http://www.comune.brindisi.it/web/beni-immobili-e-gestione-patrimonio/patrimonio-immobiliare.html","Tipologia , Codice , Complesso , Codice , Edificio , Codice Unità , Due Diligence completata , Classificazione ai fini contabili , DESTINAZIONE , DESCRIZIONE , DENOMINAZIONE , QUARTIERE , INDIRIZZO , Civico , Scala , Piano , Interno , P.ta , Foglio , P.lla , Sub. , Cat. , Classe , vani , Tipo Non Conformità , mq , mc , Balconi o terrazzi , Ripostigli e depositi , Posto auto , Mq Sup. , Scop. , Rendita catastale , Prezzo di valore , In uso/Non in uso , In concessione , Anno , Costr. , Vincolo ex 42/2004",1,1,1,1,1,1,,,"http://it.dbpedia.org/resource/Brindisi"
"http://trasparenza.nexacenter.org/id/PatrimonioImmobiliareCarbonia","http://trasparenza.nexacenter.org/id/Pdf_vettoriale","http://www.comune.carbonia.ci.it/urbiportal/protected/documents/10344","http://www.comune.carbonia.ci.it/urbiportal/content/it_IT/5702.html","Immobile , Ubicazione , N.unità",1,0,0,0,0,0,,,"http://it.dbpedia.org/resource/Carbonia"
"http://trasparenza.nexacenter.org/id/PatrimonioImmobiliareMilano","http://trasparenza.nexacenter.org/id/Xls","http://www.comune.milano.it/portale/wps/wcm/jsp/fibm-cdm/FDWL.jsp?cdm_cid=com.ibm.workplace.wcm.api.WCM_Content/AmministrazioneAperta_BeniIimmobiliGestionePatrimonio_PatrimonioImmobiliare/fead28004111fd7488b9bf95b548ec12/PUBLISHED&cdm_acid=com.ibm.workpla","http://www.comune.milano.it/portale/wps/portal/CDM?WCM_GLOBAL_CONTEXT=/wps/wcm/connect/contentlibrary/Elenco%2BSiti%2Btematici/Elenco%2BSiti%2Btematici/Amministrazione%2Baperta/Beni%2Bimmobili%2Be%2Bgestione%2Bpatrimonio/","codice, tipo, indirizzo, civico, foglio, mappale",1,1,0,0,0,0,,,"http://it.dbpedia.org/resource/Milano"
"http://trasparenza.nexacenter.org/id/PatrimonioImmobiliareLaSpezia","http://trasparenza.nexacenter.org/id/Pdf_vettoriale","http://www.spezianet.it/export/sites/SPEZIAnet/ilcomune/trasparenza/documenti/IMMOBILI.pdf","http://www.spezianet.it/ilcomune/trasparenza/Beni_immobili_e_gestione_patrimonio.html","Tipo immobile , Codice immobile , Progr. immobile , Comune , Denominazione descrittiva , ubicazione via/località , foglio , mappale , sub. , mq. ,   Mc. , Vani",1,0,1,1,0,0,,,"http://it.dbpedia.org/resource/La_Spezia"
"http://trasparenza.nexacenter.org/id/PatrimonioImmobiliareLatina","http://trasparenza.nexacenter.org/id/Pdf_raster","http://www.comune.latina.it/a-10816/patrimonio-immobiliare/approvazione-inventario-beni-immobili-comunali","http://www.comune.latina.it/c-876/beni-immobili-e-gestione-patrimonio","registro acquedotti, registro fabbricati demaniali, registro fabbricati indisponibili, registro fognature, registro strade, registro terreni demaniali, registro terreni disponibili",1,1,1,0,0,1,,,"http://it.dbpedia.org/resource/Latina"
"http://trasparenza.nexacenter.org/id/PatrimonioImmobiliareLecce","http://trasparenza.nexacenter.org/id/Pdf_vettoriale","http://www.comune.lecce.it/docs/amministrazione-trasparente/elenco-immobili3.pdf","http://www.comune.lecce.it/comune/amministrazione-trasparente/beni-immobili-e-gestione-patrimonio/patrimonio-immobiliare","Natura del bene, Localizzazione Geografica , Indirizzo , Numero civico , Denominazione del bene , Foglio Catasto , Particella/Mapp Catasto , Subalterno , Tipologia dell'immobile , Tipologia del terreno , Finalità , Natura giuridica del bene , Superficie , Cubatura , Epoca di costruzione dell'immobile , Note/Osservazioni",1,1,1,1,1,0,,,"http://it.dbpedia.org/resource/Lecce"
"http://trasparenza.nexacenter.org/id/PatrimonioImmobiliareLecco","http://trasparenza.nexacenter.org/id/Csv","http://www.comune.lecco.it/resources/pagina/N142542ab7b1d9118353/N142542ab7b1d9118353/Beni_Immobili_al_31.12.2013.csv","http://www.comune.lecco.it/pagina.jhtml?param1_1=N142542ab7b1d9118353","Tipo , Cod. , Descrizione , Classif.",0,0,0,0,0,0,,,"http://it.dbpedia.org/resource/Lecco"
"http://trasparenza.nexacenter.org/id/PatrimonioImmobiliareLivorno","http://trasparenza.nexacenter.org/id/Ods","http://www.comune.livorno.it/_livo/uploads/2014_08_6_14_35_47.ods","http://www.comune.livorno.it/_livo/it/default/10122/Patrimonio-immobiliare.html","COD_CESPITE , COD_NAZIONALE , FOGLIO PARTICELLA	SUB , UNIMM , DESCRIZIONE , Categoria Inventario , Categoria , Categoria Alternativa , COD_AMMINIS",1,1,1,0,0,0,,,"http://it.dbpedia.org/resource/Livorno"
"http://trasparenza.nexacenter.org/id/PatrimonioImmobiliareLucca","http://trasparenza.nexacenter.org/id/Ods","http://www.comune.lucca.it/flex/cm/pages/ServeAttachment.php/L/IT/D/a%252Fb%252F3%252FD.76d68f5a79e5bf7ef230/P/BLOB%3AID%3D11738","http://www.comune.lucca.it/flex/cm/pages/ServeBLOB.php/L/IT/IDPagina/11738","Localizzazione Geografica , Indirizzo , Numero civico , Foglio Catasto ,	Particella Mappale Catasto , Subalterno	, Titolo di utilizzo detenzione , Tipologia dell'immobile ,	Utilizzo del bene immobile , Finalità , Natura giuridica del bene , 	Superficie , Superficie aree pertinenziali , Epoca di costruzione dell'immobile",1,1,0,1,1,0,,,"http://it.dbpedia.org/resource/Lucca"
"http://trasparenza.nexacenter.org/id/PatrimonioImmobiliareMacerata","http://trasparenza.nexacenter.org/id/Ods","http://www.comune.macerata.it/Engine/RAServeFile.php/f/gespai1.ods","http://www.comune.macerata.it/Engine/RAServePG.php/P/179121CMC0207","Scheda immobile	, Denominazione , Via_nome , Numero_civico , Citta , Latitudine , Longitudine , Classe_descrizione , Amministrazione_trasparente , Proprieta , Titolo",1,1,0,0,0,0,,,"http://it.dbpedia.org/resource/Macerata"
"http://trasparenza.nexacenter.org/id/PatrimonioImmobiliareVillacidro","http://trasparenza.nexacenter.org/id/Pdf_raster","http://www.comune.villacidro.vs.it/Amministrazione/amministrazionetrasparente/uploadamministrazionetrasparente/Censimento_patrimonio_immobiliare_del_Comune_di_Villacidro.pdf","http://www.comune.villacidro.vs.it/Amministrazione/amministrazionetrasparente/patrimonioimmobiliare.html","Complesso , Fabbricato , Descrizione , Comune , Località , indirizzo , Sup. coperta ,  N° U.I , U.I. dell'ente , Utilizzo previsto , Utilizzo attuale",1,1,0,1,0,0,,1,"http://it.dbpedia.org/resource/Villacidro"
"http://trasparenza.nexacenter.org/id/PatrimonioImmobiliareMatera",,,"http://www.comune.matera.it/it/beni-immobili-e-gestione-patrimonio/patrimonio-immobiliare",,0,0,0,0,0,0,1,,"http://it.dbpedia.org/resource/Matera"
"http://trasparenza.nexacenter.org/id/PatrimonioImmobiliareMessina",,,"http://www.comune.messina.it/amministrazione-trasparente/beni-immobili-e-gestione-del-patrimonio/patrimonio-immobiliare.aspx",,0,0,0,0,0,0,1,,"http://it.dbpedia.org/resource/Messina"
"http://trasparenza.nexacenter.org/id/PatrimonioImmobiliareVerona",,,"http://portale.comune.verona.it/nqcontent.cfm?a_id=899",,0,0,0,0,0,0,1,,"http://it.dbpedia.org/resource/Verona"
"http://trasparenza.nexacenter.org/id/PatrimonioImmobiliareCosenza",,,"http://cosenza.etrasparenza.it/pagina734_patrimonio-immobiliare.html",,0,0,0,0,0,0,1,,"http://it.dbpedia.org/resource/Cosenza"
"http://trasparenza.nexacenter.org/id/PatrimonioImmobiliareCrotone",,,"http://www.contrasparenza.it/id16-arg81-Patrimonio-immobiliare",,0,0,0,0,0,0,1,,"http://it.dbpedia.org/resource/Crotone"
"http://trasparenza.nexacenter.org/id/PatrimonioImmobiliareMassa","http://trasparenza.nexacenter.org/id/Pdf_vettoriale","http://trasparenza.comune.massa.ms.it/sites/trasparenza.sites/files/allegati/FABBRICATI%281%29.pdf","http://trasparenza.comune.massa.ms.it/node/7250","Inventario , Inventario elem. , Foglio , Mappale , Subalterno , Descrizione , Indirizzo",1,0,1,0,0,0,,,"http://it.dbpedia.org/resource/Massa_%28Italia%29"
"http://trasparenza.nexacenter.org/id/PatrimonioImmobiliareVicenza","http://trasparenza.nexacenter.org/id/Pdf_vettoriale","http://www.comune.vicenza.it/file/102161-beniimmobilicomunevicenza.pdf","http://www.comune.vicenza.it/amministrazione/trasparente/beniimmobili.php","denominazione del bene, codice comune, fogglio catasto, particella/mappale catasto, subalterno",1,0,1,0,0,0,,,"http://it.dbpedia.org/resource/Vicenza"
"http://trasparenza.nexacenter.org/id/PatrimonioImmobiliareTrani","http://trasparenza.nexacenter.org/id/Xls","http://www.comune.trani.bt.it/userfiles/files/AmmTrasparente/Patrimonio/elenco_immobili_locazione_uso_occupati.xls","http://www.comune.trani.bt.it/AmministrazioneTrasparente/Dataview.aspx?id=420","PROPRIETA' , UBICAZIONE , 	LOCATARIO/CONCESSIONARIO STRUMENTALE ALL'ESERCIZIO DELLE FUNZIONI ISTITUZIONALI/BENI DEMANIALI	ENTRATA 31/10/05	previsione 2007	 , contratto  , OCCUPATO SENZA TITOLO",1,0,0,1,0,0,,,"http://it.dbpedia.org/resource/Trani"
"http://trasparenza.nexacenter.org/id/PatrimonioImmobiliareTrapani","http://trasparenza.nexacenter.org/id/Pdf_vettoriale","http://www.comune.trapani.it/web/attachments/article/1092/Elenco%20fabbricati.pdf","http://www.comune.trapani.it/web/index.php/beni-immobili-e-gestione-patrimonio/122-amministrazione-trasparente/1092-patrimonio-immobiliare","Descrizione , Ubicazione , Fogli , Particella , Subalterno",1,0,1,0,0,0,,,"http://it.dbpedia.org/resource/Trapani"
"http://trasparenza.nexacenter.org/id/PatrimonioImmobiliareComo","http://trasparenza.nexacenter.org/id/Xls","http://www.comune.como.it/export/sites/como/uffici-comunali/area-opere-pubbliche/settore-patrimonio/patrimonio/servizi/tabella/Elenco_completo_di_tutti_gli_alloggi_al_06.09.2012.xls","http://www.comune.como.it/amministrazione-trasparente/beni-immobili-e-gestione-patrimonio/patrimonio-immobiliare/","Totale alloggi di proprietà , Alloggi di E.R.P. , Note alloggi E.R.P. , Extra E.R.P. , Note alloggi extra ERP",1,0,0,0,0,0,,,"http://it.dbpedia.org/resource/Como"
"http://trasparenza.nexacenter.org/id/PatrimonioImmobiliareCremona","http://trasparenza.nexacenter.org/id/Html_tabellare","https://sportelloweb.comune.cremona.it/online/initProcess.do?processName=it.people.fsl.servizi.trasparenza.patrimonio.online","http://www.comune.cremona.it/PostCE-display-ceid-4491.phtml","Riferimenti Catastali , Indirizzo , Classificazione , Tipologia , Canone annuo",1,0,1,0,0,1,,,"http://it.dbpedia.org/resource/Cremona"
"http://trasparenza.nexacenter.org/id/PatrimonioImmobiliareFoggia",,,"http://www.comune.foggia.it/in-attivazione/",,0,0,0,0,0,0,1,,"http://it.dbpedia.org/resource/Foggia"
"http://trasparenza.nexacenter.org/id/PatrimonioImmobiliareFermo","http://trasparenza.nexacenter.org/id/Xls","http://www.comune.fermo.it/it/4823/","http://www.comune.fermo.it/it/patrimonio-immobiliare/","FABBRICATO , DESTINAZIONE PREVALENTE , UBICAZIONE , UNITÀ IMMOBILIARE , CONDIZIONE GIURIDICA , SUP MQ , TIPO CATASTO , FOGLIO , MAPPALE , SUB , COMUNE CATASTALE , COMUNE AMM.VO , CONSISTENZA , CATEGORIA , RENDITA CATASTALE , VALORE CATASTALE",1,1,1,1,0,1,,,"http://it.dbpedia.org/resource/Fermo"
"http://trasparenza.nexacenter.org/id/PatrimonioImmobiliareFerrara","http://trasparenza.nexacenter.org/id/Ods","http://www.comune.fe.it/attach/trasparenza/docs/patrimonio/inventario_complessi_2012_rev1_classa-b-c_pubblicazione.ods","http://www.comune.fe.it/index.phtml?id=3694","cod_interno , denominazione ,	indirizzo ,	num_civico ,	località ,	circoscrizione ,	superficie_complessiva_lorda ,	classificazione_patrimoniale ,	Valore di inventario",1,0,0,1,0,1,,,"http://it.dbpedia.org/resource/Ferrara"
"http://trasparenza.nexacenter.org/id/PatrimonioImmobiliareFirenze","http://trasparenza.nexacenter.org/id/Pdf_vettoriale","http://www.comune.fi.it/materiali/trasparenza/Patrimonio_immobiliare_comune_di_firenze.pdf","http://www.comune.fi.it/export/sites/retecivica/comune_firenze/Amministrazione_Trasparente/Beni_immobili.html","Entità, Comune, Indirizzo, N° civico, Foglio, Particella, Subalterno, Categoria, Descrizione catastale",1,1,0,0,0,0,,,"http://it.dbpedia.org/resource/Firenze"
"http://trasparenza.nexacenter.org/id/PatrimonioImmobiliareForl-C3-AC","http://trasparenza.nexacenter.org/id/Pdf_vettoriale","http://www.comune.forli.fc.it/servizi/gestionedocumentale/visualizzadocumento.aspx?ID=31089","http://www.comune.forli.fc.it/servizi/menu/dinamica.aspx?idArea=166672&idCat=166728&ID=166777","Nominativo Soggetto/Tipologia Utilizzo Immobile , Ubicazione Immobile Via/Piazza",1,0,0,0,0,0,,,"http://it.dbpedia.org/resource/Forl%C3%AC"
"http://trasparenza.nexacenter.org/id/PatrimonioImmobiliareMonza","http://trasparenza.nexacenter.org/id/Csv","http://www.comune.monza.it/portale/DOCUMENTI/comunemonza/trasparenza/Elenco_immobili_2013.csv","http://www.comune.monza.it/portale/monzacomune/amministrazione_trasparente/beni_immobili/patrimonio_immobiliare","Natura del bene , Stato di accatastamento , Localizzazione Geografica , Indirizzo , Numero civico , Denominazione del bene , ""Foglio Catasto (Ordinario)"" , Particella/Mappale Catasto (Ordinario) , Subalterno , ""Immobile/terreno in comproprietà"" ,	Tipologia immobile , Tipologia terreno , Utilizzo del bene immobile , Finalità (Fabbricati) , Finalità (Terreni) , Altra Finalità , Natura giuridica del bene , Superficie (mq) , Superficie aree pertinenziali (mq) , Valore di bilancio dell'unità immobiliare/terreno , Epoca di costruzione dell'immobile , Vincolo culturale Paesaggistico , Terreno edificabile , ""Diritti di superficie  esistenti a favore di terzi"" , Iscrizione di ipoteche sul bene",1,1,1,1,1,1,,,"http://it.dbpedia.org/resource/Monza"
"http://trasparenza.nexacenter.org/id/PatrimonioImmobiliareNapoli","http://trasparenza.nexacenter.org/id/Csv","http://www.comune.napoli.it/flex/cm/pages/ServeAttachment.php/L/IT/D/8%252F8%252F8%252FD.10fd98deda06e6c95a2c/P/BLOB%3AID%3D22102","http://www.comune.napoli.it/flex/cm/pages/ServeBLOB.php/L/IT/IDPagina/22102","Codice Identificativo Immobile, Tipologia dell'Immobile, Struttura dell'Immobile, TIPO_VIA, DESCRIZIONE_VIA, CIVICO, CAP, COMUNE, SCALA, PIANO, INTERNO, QUARTIERE, MUNICIPALITA",1,1,0,0,0,0,,,"http://it.dbpedia.org/resource/Napoli"
"http://trasparenza.nexacenter.org/id/PatrimonioImmobiliareNuoro","http://trasparenza.nexacenter.org/id/Pdf_vettoriale","http://www.comune.nuoro.it/media/downloads/AmmTrasparente/PatrimonioImmobiliare/Tabella3_ElencoTerreni_ProprietaComunale.pdf","http://www.comune.nuoro.it/index.php/Beni_immobili_e_gestione_patrimonio/Patrimonio_immobiliare/6572/Beni_immobili_di_propiet%C3%A0_comunale.htm","Natura bene , Stato , Indirizzo , Cod. Comune , Sezione ,  Sez. Urbana , Foglio , Particella , Denom.  ,  Tipo particella , Sub.",1,1,1,0,0,0,,,"http://it.dbpedia.org/resource/Nuoro"
"http://trasparenza.nexacenter.org/id/PatrimonioImmobiliareOlbia","http://trasparenza.nexacenter.org/id/Pdf_vettoriale","http://www.comune.olbia.ot.it/index.php?option=com_docman&task=doc_download&gid=4719&Itemid=447","http://www.gazzettaamministrativa.it/opencms/opencms/_gazzetta_amministrativa/amministrazione_trasparente/_sardegna/_olbia/140_ben_imm_ges_pat/010_pat_imm/","Gruppo , Categoria , Nr. Cespite , Nr. Inventario , Descrizione , Resp. di Servizio , Costo Storico",1,0,1,1,1,1,,,"http://it.dbpedia.org/resource/Olbia"
"http://trasparenza.nexacenter.org/id/PatrimonioImmobiliareTaranto","http://trasparenza.nexacenter.org/id/Pdf_vettoriale","http://www.gazzettaamministrativa.it/opencms/export/sites/default/_gazzetta_amministrativa/amministrazione_trasparente/_puglia/_taranto/140_ben_imm_ges_pat/010_pat_imm/2014/0001_Documenti_140654483126/1406616431328_trasparenza_-_elenco_immobili_di_proprie","http://www.gazzettaamministrativa.it/opencms/opencms/_gazzetta_amministrativa/amministrazione_trasparente/_puglia/_taranto/140_ben_imm_ges_pat/010_pat_imm/","Destinazione , Foglio , P.lla , Sub.",0,0,1,0,0,0,,,"http://it.dbpedia.org/resource/Taranto"
"http://trasparenza.nexacenter.org/id/PatrimonioImmobiliareTempioPausania","http://trasparenza.nexacenter.org/id/Pdf_vettoriale","http://www.comune.tempiopausania.ot.it/attachments/article/1872/3%20-%20Patrimonio%20immobiliare%20comunale.PDF","http://www.comune.tempiopausania.ot.it/index.php?option=com_content&view=category&id=379&Itemid=139","Natura Bene, Stato, Indirizzo Completo, Cod., Comune Sezione, Sezione Urbana, Foglio ,Particella Denom., Tipo Particella, Sub",1,0,1,0,0,0,,,"http://it.dbpedia.org/resource/Tempio_Pausania"
"http://trasparenza.nexacenter.org/id/PatrimonioImmobiliareTeramo","http://trasparenza.nexacenter.org/id/Pdf_vettoriale","http://www.comune.teramo.it/uploads/contents/c_83/patrimonio_beni_immobii.pdf","http://www.comune.teramo.it/index.php?id=195","Destinaz. specifica , Denominazione IMCI , Indirizzo MMCI , Comune ICI , FG_PLLA , Valore art.230 dlgs 267 del 2000",1,0,1,0,0,1,,,"http://it.dbpedia.org/resource/Teramo"
"http://trasparenza.nexacenter.org/id/PatrimonioImmobiliareTerni","http://trasparenza.nexacenter.org/id/Csv","http://www.comune.terni.it/amministrazione_trasparente/files/allegati/2014/patrimonio2013_1401974279.csv","http://www.comune.terni.it/canale.php?idc=565","NATURA DEL BENE ,STATO DI ACCATASTAMENTO , LOCALIZZAZIONE GEOGRAFICA , INDIRIZZO	NUMERO CIVICO , DENOMINAZIONE DEL BENE , FOGLIO CATASTO (Ordinario) , PARTICELLA/ MAPPALE  CATASTO (Ordinario) , SUBALTERNO , TITOLO DI UTILIZZO/ DETENZIONE ,	Immobile/ terreno in COMPROPRIETA' , TIPOLOGIA DELL'IMMOBILE , TIPOLOGIA DEL TERRENO , 	NATURA GIURIDICA DEL BENE , SUPERFICIE (mq) , CUBATURA (mc) , SUPERFICIE AREE PERTINENZIALI , TERRENO EDIFICABILE , DIRITTI DI SUPERFICIE ESISTENTE A FAVORE DI TERZI",1,0,1,1,0,0,,,"http://it.dbpedia.org/resource/Terni"
"http://trasparenza.nexacenter.org/id/PatrimonioImmobiliarePiacenza","http://trasparenza.nexacenter.org/id/Rtf","http://www.comune.piacenza.it/comune/trasparenza/amministrazionetrasparente/beniimmobiliepatrimonio/patrimonio-immobiliare/patrimonio-immobiliare/at_download/file","http://www.comune.piacenza.it/comune/trasparenza/amministrazionetrasparente/beniimmobiliepatrimonio/patrimonio-immobiliare/patrimonio-immobiliare/view","Ubicazione ,  Tipologia ,  Durata della concessione ,  Canone a carico del concessionario ,   Concessionario / scopo della concessione / utilizzo del bene",1,0,0,0,0,1,,,"http://it.dbpedia.org/resource/Piacenza"
"http://trasparenza.nexacenter.org/id/PatrimonioImmobiliareSanluri",,,"http://www.comune.sanluri.vs.it/servizi/Menu/dinamica.aspx?idArea=20047&idCat=20074&ID=20074&TipoElemento=categoria",,0,0,0,0,0,0,1,,"http://it.dbpedia.org/resource/Sanluri"
"http://trasparenza.nexacenter.org/id/PatrimonioImmobiliarePotenza",,,,,0,0,0,0,0,0,1,,"http://it.dbpedia.org/resource/Potenza_%28Italia%29"
"http://trasparenza.nexacenter.org/id/PatrimonioImmobiliarePisa","http://trasparenza.nexacenter.org/id/Csv","http://www.comune.pisa.it/uploads/2013_12_20_10_49_41.csv","http://www.comune.pisa.it/it/ufficio-scheda/13346/Patrimonio-Immobiliare.html","Fabbricati , Classificazione , Codici Inventario , Descrizione , Dati Catastali",1,0,1,0,0,0,,,"http://it.dbpedia.org/resource/Pisa"
"http://trasparenza.nexacenter.org/id/PatrimonioImmobiliarePistoia","http://trasparenza.nexacenter.org/id/Pdf_vettoriale","http://www.comune.pistoia.it/media/Pubblicita_Dlgs_33.2013_-_Inventario_fabbricati_30.11.2013_-_PDF.pdf","http://www.comune.pistoia.it/2215/beni%20immobili%20e%20gestione%20del%20patrimonio","Denominazione , Indirizzo , Note , Valore nettp , Foglio ,  Partic. , Sub. , Unità mis., Superf lorda compl. , Superf. coperta al suolo , Piano , anno costr. , Anno ristr , Tutela sotrico culturale",1,0,1,1,1,1,,,"http://it.dbpedia.org/resource/Pistoia"
"http://trasparenza.nexacenter.org/id/PatrimonioImmobiliarePordenone","http://trasparenza.nexacenter.org/id/Xls","http://www.comune.pordenone.it/it/comune/amministrazione-trasparente/beni-immobili-e-gestione-patrimonio/patrimonio-immobiliare/Elenco-Immobili-In-Proprieta.xls/at_download/file","http://www.comune.pordenone.it/it/comune/amministrazione-trasparente/beni-immobili-e-gestione-patrimonio/patrimonio-immobiliare/Elenco-Immobili-In-Proprieta.xls/view","Denominazione dell'immobile , Indirizzo , Numero civico	, Tipo bene ,	Foglio ,	Numero particella , Subalterno , Tipologia del bene , Superficie totale lorda , Cubatura , Superficie complessiva aree pertinenziali , Titolo di utilizzo/detenzione  , Denominazione Proprietario , Finalità , Altra Finalità",1,1,1,1,0,0,,,"http://it.dbpedia.org/resource/Pordenone"
"http://trasparenza.nexacenter.org/id/PatrimonioImmobiliareModena","http://trasparenza.nexacenter.org/id/Ods","http://www.comune.modena.it/il-comune/amministrazione-trasparente/beni-immobili-e-gestione-patrimonio/patrimonio-immobiliare/beni-immobili-2013","http://www.comune.modena.it/il-comune/amministrazione-trasparente/beni-immobili-e-gestione-patrimonio/patrimonio-immobiliare","CODICE INVENTARIALE , TIPOLOGIA INVENTARIALE ,DESCRIZIONE TIPOLOGIA INVENTARIALE ,	PROVINCIA , COMUNE ,FOGLIO CATASTALE , VIA / PIAZZA , ESP , SCA , INTERNO , PIANO ,	CIRC , DENOMINAZIONE INVENTARIALE , TITOLO DI DIRITTO ,NOTE AL TITOLO DI DIRITTO , CLASSIFICAZIONE GIURIDICA , CODICE IMMOBILE , DENOMINAZIONE IMMOBILE",1,1,1,0,0,0,,,"http://it.dbpedia.org/resource/Modena"
"http://trasparenza.nexacenter.org/id/PatrimonioImmobiliareCaserta","http://trasparenza.nexacenter.org/id/Pdf_raster","http://trasparenza.comune.caserta.it/archiviofile/caserta/inventario_immobili_comunali.pdf","http://trasparenza.comune.caserta.it/pagina734_patrimonio-immobiliare.html","Denominazione ,  area circolazione , Locazione , Area  circolare ,  Località , Inizio , Termine",0,0,0,0,0,0,,1,"http://it.dbpedia.org/resource/Caserta"
"http://trasparenza.nexacenter.org/id/PatrimonioImmobiliareVarese","http://trasparenza.nexacenter.org/id/Pdf_vettoriale","http://www.comune.varese.it/si4web/common/AmvDownload.jsp?ID_BLOB=88877&saveAS=Trasparenza%20fabbricati%20disponibili.pdf&mimetype=application/pdf","http://www.comune.varese.it/si4web/common/AmvDocumentoInfo.do?MVVC=amvdocui&ID=7525&REV=0&MVPD=0&MVTD=1&MVSZ=425",,1,1,0,0,0,0,,1,"http://it.dbpedia.org/resource/Varese"
"http://trasparenza.nexacenter.org/id/PatrimonioImmobiliareTrento",,,"http://www.comune.trento.it/Comune/Organizzazione-comunale/Amministrazione-trasparente/Beni-immobili-e-gestione-patrimonio/Patrimonio-immobiliare",,0,0,0,0,0,0,1,,"http://it.dbpedia.org/resource/Trento"
"http://trasparenza.nexacenter.org/id/PatrimonioImmobiliareTrieste",,,"http://www.retecivica.trieste.it/new/default.asp?pagina=-&ids=71&id_sx=&tipo=blocchi_dx_1053&tabella_padre=dx&id_padre=1053",,0,0,0,0,0,0,1,,"http://it.dbpedia.org/resource/Trieste"
"http://trasparenza.nexacenter.org/id/PatrimonioImmobiliareEnna",,,"http://www.comune.enna.it/index.php/beni-immobili-e-gestione-patrimonio/itemlist/category/283-patrimonio-immobiliare",,0,0,0,0,0,0,1,,"http://it.dbpedia.org/resource/Enna"
"http://trasparenza.nexacenter.org/id/PatrimonioImmobiliareUdine","http://trasparenza.nexacenter.org/id/Csv","http://www.comune.udine.it/opencms/opencms/release/ComuneUdine/comune/Nuovo_progetto_trasparenza/beni_immobili_e_gestione_patrimonio/patrimonio_immobiliare.html?style=1","http://www.comune.udine.it/opencms/opencms/release/ComuneUdine/comune/Nuovo_progetto_trasparenza/beni_immobili_e_gestione_patrimonio/?style=1","Natura del bene, Stato di accatastamento, Tipo di catasto, Localizzazione Geografica, Indirizzo, Numero civico, Denominazione del bene, Codice Comune (Ordinario), Codice Comune (Tavolare), Sezione Amministrativa/Censuaria, Sezione Urbana Catasto, Foglio Catasto (Ordinario), Foglio Catasto (Tavolare), Particella/Mappale Catasto (Ordinario), Particella/Mappale Catasto (Tavolare), Denominatore Catasto (Tavolare), Tipo Particella Catasto (Tavolare), Subalterno, Titolo di utilizzo/detenzione, Immobile/terreno in comproprietà, Tipologia dell'immobile, Tipologia del terreno, Utilizzo del bene immobile, Finalità (Fabbricati), Finalità (Terreni), Altra Finalita (specificare), Natura giuridica del bene, Superficie (mq), Cubatura (mc), Superficie aree pertinenziali (mq), Valore di bilancio dell'unità immobiliare/terreno, Valore di mercato dell'unità immobiliare/terreno, Anno della stima del valore di mercato, Epoca di costruzione dell'immobile, Vincolo culturale Paesaggistico, Terreno edificabile, Diritti di superficie esistenti a favore di terzi, Iscrizione di ipoteche sul bene, Proprietario, Altro Ente Proprietario, Note/Osservazioni",1,1,1,1,1,1,,,"http://it.dbpedia.org/resource/Udine"
"http://trasparenza.nexacenter.org/id/PatrimonioImmobiliareUrbino","http://trasparenza.nexacenter.org/id/Pdf_vettoriale","http://www.gazzettaamministrativa.it/opencms/export/sites/default/_gazzetta_amministrativa/amministrazione_trasparente/_marche/_urbino/140_ben_imm_ges_pat/010_pat_imm/2014/0001_Documenti_1391088308407/1391088310176_terreni_pdfa.pdf","http://www.gazzettaamministrativa.it/opencms/opencms/_gazzetta_amministrativa/amministrazione_trasparente/_marche/_urbino/140_ben_imm_ges_pat/010_pat_imm/","Immobile , Cap , Indirizzo , Comune catastale , Foglio , Particella , TIpologia , FInalità , Utilizzo",1,0,1,0,0,0,,,"http://it.dbpedia.org/resource/Urbino"
"http://trasparenza.nexacenter.org/id/PatrimonioImmobiliareVenezia","http://trasparenza.nexacenter.org/id/Pdf_vettoriale","http://www.comune.venezia.it/flex/cm/pages/ServeAttachment.php/L/IT/D/5%252F7%252F2%252FD.7bade89eb49a9c2cba6d/P/BLOB%3AID%3D64031","http://www.comune.venezia.it/flex/cm/pages/ServeBLOB.php/L/IT/IDPagina/64031","Identificativo U.I.,	tipologia U.I., descrizione U.I., Id. Cespite, descrizione Cespite, indirizzo, quartiere, sestiere, sezione, foglio, mappale, subalterno, Uso in atto, Titolarita'",1,0,1,0,0,0,,,"http://it.dbpedia.org/resource/Venezia"
"http://trasparenza.nexacenter.org/id/PatrimonioImmobiliareViboValentia","http://trasparenza.nexacenter.org/id/Pdf_vettoriale","http://www.gazzettaamministrativa.it/opencms/export/sites/default/_gazzetta_amministrativa/amministrazione_trasparente/_calabria/_vibo_valentia/140_ben_imm_ges_pat/010_pat_imm/2014/Documenti_1393582634758/1393582636252_tabella_fabbricati_patrimonio.pdf","http://www.gazzettaamministrativa.it/opencms/opencms/_gazzetta_amministrativa/amministrazione_trasparente/_calabria/_vibo_valentia/140_ben_imm_ges_pat/010_pat_imm/","Denominazione , indirizzo , num. civ. , località , cap ,  uso prevalente",1,0,0,0,0,0,,,"http://it.dbpedia.org/resource/Vibo_Valentia"
"http://trasparenza.nexacenter.org/id/PatrimonioImmobiliareCatania","http://trasparenza.nexacenter.org/id/Ods","http://www.comune.catania.it/amministrazione-trasparente/beni-immobili-e-gestione-del-patrimonio/documenti/inventario-generale-beni-2014-01-24.ods","http://www.comune.catania.it/amministrazione-trasparente/beni-immobili-e-gestione-del-patrimonio/patrimonio-immobiliare.aspx","Codice ,	Tipologia ,	Immobile ,	Ubicazione, TipoPatrimonio , TitoloProprietà ,	UtilizzatoreValore ,	DatiCatastali ,	 Vincoli/Tipol. , Categ. , Note",1,1,1,1,1,0,,,"http://it.dbpedia.org/resource/Catania"
"http://trasparenza.nexacenter.org/id/PatrimonioImmobiliareCatanzaro","http://trasparenza.nexacenter.org/id/Pdf_vettoriale","http://www.comunecatanzaro.it/images/Trasparenza/Beni_immobili_e_gestione_territorio/8_-_REGISTRO_INVENTARIO_BENI_IMMOBILI_-_FABBRICATI_2013.pdf","http://www.comunecatanzaro.it/index.php/amministrazione-trasparente/115-beni-immobili-e-gestione-patrimonio/390-patrimonio-immobiliare","Descrizione Bene, Ubicazione, Tipo Bene Immobile, Natura Bene, Voce patrimonio",1,0,0,0,0,0,,,"http://it.dbpedia.org/resource/Catanzaro"
"http://trasparenza.nexacenter.org/id/PatrimonioImmobiliareCesena","http://trasparenza.nexacenter.org/id/Pdf_vettoriale","http://www.comune.cesena.fc.it/flex/cm/pages/ServeAttachment.php/L/IT/D/d%252F8%252F5%252FD.acf6482e5b08964b415c/P/BLOB%3AID%3D14149","http://www.comune.cesena.fc.it/trasparenza/immobiliepatrimonio","Codice ISTAT,codice, Foglio, Particella, Sub, Descrizione,Descrizione",1,0,1,0,0,0,,,"http://it.dbpedia.org/resource/Cesena"
"http://trasparenza.nexacenter.org/id/PatrimonioImmobiliareChieti","http://trasparenza.nexacenter.org/id/Pdf_vettoriale","http://www.gazzettaamministrativa.it/opencms/export/sites/default/_gazzetta_amministrativa/amministrazione_trasparente/_abruzzo/_chieti/140_ben_imm_ges_pat/010_pat_imm/2014/0001_Documenti_1392223574019/1392223576086_risultatiimmobili.pdf","http://www.gazzettaamministrativa.it/opencms/opencms/_gazzetta_amministrativa/amministrazione_trasparente/_abruzzo/_chieti/140_ben_imm_ges_pat/010_pat_imm/","Natura bene , stato , indirizzo , cod. comune , sezione , sez. urbana , foglio , particella , denom. , tipo particella , sub.",1,1,1,0,0,0,,,"http://it.dbpedia.org/resource/Chieti"
"http://trasparenza.nexacenter.org/id/PatrimonioImmobiliareTreviso","http://trasparenza.nexacenter.org/id/Pdf_vettoriale","http://www.comune.treviso.it/pdf/Elenco-fabbricati-comunali-art-30-dlgs-33-2013-20140603.pdf","http://www.comune.treviso.it/index.php?view=article&catid=223%3Abeni-immobili-e-gestione-patrimonio&id=8582%3Apatrimonio-immobiliare&option=com_content&Itemid=904",,1,0,0,0,0,0,,,"http://it.dbpedia.org/resource/Treviso"
"http://trasparenza.nexacenter.org/id/PatrimonioImmobiliareLanusei","http://trasparenza.nexacenter.org/id/Xls","http://www.comunedilanusei.it/trasparenza/sites/default/files/allegati/elenco%20immobili%20comunali.xls","http://www.comunedilanusei.it/trasparenza/?q=amministrazione-trasparente/beni-immobili-e-gestione-patrimonio/patrimonio-immobiliare","IMMOBILE POSSEDUTO , LOCALIZZAZIONE , STATO DI ACCATASTAMENTO , FOGLIO , PARTICELLA ,  SUBALTERNO",1,0,1,0,0,0,,,"http://it.dbpedia.org/resource/Lanusei"
